seed,metabolism,tick,total_population,living_population,dead_population,food_remaining,births_so_far,deaths_so_far,average_living_energy,minimum_living_energy,maximum_living_energy,average_living_age,average_dead_age
42,0.05,25,125,125,0,164,25,0,79.23000000000005,8.749999999999996,99.95,22.4,
42,0.05,50,150,150,0,135,50,0,66.09400000000007,7.4999999999999885,99.9,41.5,
42,0.05,75,175,175,0,106,75,0,57.02628571428579,6.249999999999993,99.95,58.714285714285715,
42,0.05,100,200,200,0,87,100,0,49.61550000000008,4.999999999999997,99.75000000000001,74.75,
42,0.05,125,225,225,0,75,125,0,43.83844444444454,3.7500000000000018,99.40000000000003,90,
42,0.05,150,250,250,0,56,150,0,39.27160000000009,2.500000000000006,99.85000000000001,104.7,
42,0.05,175,275,275,0,46,175,0,35.11963636363646,1.2500000000000073,99.75000000000001,119,
42,0.05,200,300,300,0,33,200,0,31.925166666666758,6.7307270867900115e-15,98.80000000000007,133,
42,0.05,225,325,300,25,28,225,25,31.13233333333341,0.05000000000009111,98.4000000000003,140.25,204.28
42,0.05,250,337,308,29,22,237,29,29.566558441558513,0.8500000000001899,90.95000000000051,158.39285714285714,209.13793103448276
42,0.05,275,341,311,30,15,241,30,28.60241157556277,0.4000000000000733,89.70000000000059,180.83922829581994,211.1
42,0.05,300,342,309,33,12,242,33,27.77702265372175,2.700000000000199,88.45000000000066,204.29449838187702,218.03030303030303
42,0.05,325,344,311,33,9,244,33,26.592122186495242,1.4500000000002011,87.20000000000073,227.92926045016077,218.03030303030303
42,0.05,350,345,312,33,7,245,33,25.418269230769294,0.20000000000020035,85.9500000000008,252.17628205128204,218.03030303030303
42,0.05,375,349,315,34,3,249,34,24.232063492063553,1.0887124535230441e-13,84.70000000000087,273.4920634920635,222.05882352941177
42,0.05,400,350,315,35,2,250,35,23.064444444444504,1.4999999999999682,83.45000000000094,297.24126984126985,226.45714285714286
42,0.05,425,351,316,35,0,251,35,21.901107594936768,0.24999999999996747,82.20000000000101,321.2721518987342,226.45714285714286
42,0.05,450,351,313,38,0,251,38,20.856389776357886,1.699999999999876,80.95000000000108,345.6102236421725,240.1578947368421
42,0.05,475,351,313,38,0,251,38,19.60638977635789,0.44999999999987506,79.70000000000115,370.6102236421725,240.1578947368421
42,0.05,500,351,312,39,0,251,39,18.417788461538525,0.10000000000035401,78.45000000000122,395.54487179487177,244.25641025641025
43,0.05,25,125,125,0,158,25,0,79.46680000000005,8.75000000000001,99.95,22.4,
43,0.05,50,150,150,0,131,50,0,66.45466666666674,7.500000000000002,99.85000000000001,41.5,
43,0.05,75,175,175,0,102,75,0,57.85485714285722,6.250000000000006,99.9,58.714285714285715,
43,0.05,100,200,200,0,81,100,0,50.72300000000009,5.000000000000011,99.9,74.75,
43,0.05,125,225,225,0,64,125,0,44.58933333333343,3.750000000000015,99.95,90,
43,0.05,150,250,250,0,51,150,0,39.7154000000001,2.5000000000000195,99.55000000000003,104.7,
43,0.05,175,275,275,0,33,175,0,36.1440000000001,1.2500000000000207,99.85000000000001,119,
43,0.05,200,300,300,0,19,200,0,32.54433333333343,2.005340338229189e-14,99.85000000000001,133,
43,0.05,225,325,307,18,12,225,18,31.083550488599432,0.15000000000024805,99.70000000000002,142.18241042345278,206.94444444444446
43,0.05,250,350,326,24,7,250,24,28.30567484662584,0.40000000000006064,96.10000000000022,153.75766871165644,214.79166666666666
43,0.05,275,353,326,27,5,253,27,27.207975460122768,0.7500000000001792,94.85000000000029,176.53680981595093,218.11111111111111
43,0.05,300,355,326,29,3,255,29,26.107822085889634,0.10000000000017638,93.60000000000036,200.1042944785276,220.0344827586207
43,0.05,325,356,324,32,2,256,32,25.093055555555615,0.20000000000004492,92.35000000000043,223.54320987654322,228.4375
43,0.05,350,357,323,34,1,257,34,23.999380804953617,4.3039183328374975e-13,91.1000000000005,247.1517027863777,234.61764705882354
43,0.05,375,358,323,35,0,258,35,22.82693498452017,0.5500000000001364,89.85000000000058,271.21981424148606,236.5142857142857
43,0.05,400,358,321,37,0,258,37,21.71401869158883,0.5000000000004747,88.60000000000065,295.5732087227414,244.94594594594594
43,0.05,425,358,319,39,0,258,39,20.595611285266497,0.05000000000006624,87.35000000000072,319.94984326018806,253.43589743589743
43,0.05,450,358,317,41,0,258,41,19.474447949526848,2.8000000000001357,86.10000000000079,344.2870662460568,262.0243902439024
43,0.05,475,358,317,41,0,258,41,18.224447949526844,1.5500000000001382,84.85000000000086,369.2870662460568,262.0243902439024
43,0.05,500,358,317,41,0,258,41,16.97444794952684,0.30000000000013727,83.60000000000093,394.2870662460568,262.0243902439024
44,0.05,25,125,125,0,170,25,0,79.20200000000004,3.75,99.9,22.4,
44,0.05,50,150,150,0,139,50,0,65.81966666666673,2.5000000000000044,99.9,41.5,
44,0.05,75,175,175,0,113,75,0,56.424571428571504,1.2500000000000056,99.95,58.714285714285715,
44,0.05,100,200,200,0,93,100,0,49.337750000000085,4.954370247389761e-15,99.95,74.75,
44,0.05,125,225,222,3,73,125,3,44.948198198198284,0.05000000000008756,99.75000000000001,89.52702702702703,103.66666666666667
44,0.05,150,250,246,4,56,150,4,40.8400406504066,1.7000000000001383,99.70000000000002,103.96341463414635,109.5
44,0.05,175,275,271,4,45,175,4,36.74354243542445,0.45000000000013723,99.00000000000006,118.17343173431735,109.5
44,0.05,200,300,295,5,35,200,5,33.26033898305094,1.3836154444391013e-14,99.45000000000003,131.864406779661,124.6
44,0.05,225,325,303,22,27,225,22,31.84240924092418,0.5500000000003202,96.5000000000002,141.0891089108911,184.5909090909091
44,0.05,250,350,327,23,20,250,23,28.838532110091826,2.1101176361781881e-13,90.75000000000053,154.0519877675841,186.8695652173913
44,0.05,275,357,333,24,14,257,24,27.528078078078156,9.110767695830191e-14,89.5000000000006,175.35135135135135,189.54166666666666
44,0.05,300,362,335,27,8,262,27,26.572388059701566,0.1000000000002803,88.25000000000067,196.54328358208954,200.14814814814815
44,0.05,325,363,333,30,6,263,30,25.627777777777847,0.8000000000002538,87.00000000000074,220.00300300300302,211.4
44,0.05,350,369,338,31,0,269,31,24.45221893491131,0.25000000000023764,85.75000000000081,240.6656804733728,214.29032258064515
44,0.05,375,369,336,33,0,269,33,23.345982142857206,1.9500000000000817,84.50000000000088,265.17857142857144,221.27272727272728
44,0.05,400,369,336,33,0,269,33,22.095982142857206,0.7000000000000806,83.25000000000095,290.17857142857144,221.27272727272728
44,0.05,425,369,334,35,0,269,35,20.973502994012037,0.19999999999987866,82.00000000000102,314.6167664670659,231.54285714285714
44,0.05,450,369,333,36,0,269,36,19.785885885885946,0.350000000000163,80.7500000000011,339.37237237237235,236.22222222222223
44,0.05,475,369,332,37,0,269,37,18.594427710843433,0.9000000000000106,79.50000000000117,364.21084337349396,240.67567567567568
44,0.05,500,369,331,38,0,269,38,17.39788519637468,0.44999999999981466,78.25000000000124,389.1570996978852,244.89473684210526
45,0.05,25,125,125,0,163,25,0,80.00280000000005,8.75000000000001,99.95,22.4,
45,0.05,50,150,150,0,132,50,0,66.92566666666673,3.5000000000000098,99.95,41.5,
45,0.05,75,175,175,0,109,75,0,57.390285714285795,2.250000000000014,99.85000000000001,58.714285714285715,
45,0.05,100,200,200,0,92,100,0,50.4997500000001,1.0000000000000142,99.80000000000001,74.75,
45,0.05,125,225,225,0,75,125,0,44.80866666666677,3.750000000000015,99.85000000000001,90,
45,0.05,150,250,250,0,59,150,0,40.119200000000106,2.5000000000000195,99.9,104.7,
45,0.05,175,275,275,0,46,175,0,36.30345454545465,1.2500000000000207,99.95,119,
45,0.05,200,300,300,0,40,200,0,32.45066666666677,2.005340338229189e-14,99.30000000000004,133,
45,0.05,225,325,303,22,30,225,22,31.678877887788857,0.15000000000012664,96.85000000000018,141.0891089108911,203.72727272727272
45,0.05,250,350,322,28,22,250,28,29.147826086956595,4.903438766135082e-13,92.60000000000042,152.56211180124222,211.14285714285714
45,0.05,275,359,329,30,17,259,30,27.668844984802497,1.250000000000042,91.35000000000049,172.56534954407294,213.86666666666667
45,0.05,300,363,333,30,12,263,30,26.46891891891898,4.1369685455094896e-14,91.4500000000002,195.35135135135135,213.86666666666667
45,0.05,325,367,334,33,6,267,33,25.594910179640774,0.10000000000049257,90.20000000000027,217.04191616766468,220.84848484848484
45,0.05,350,369,334,35,4,269,35,24.455538922155736,1.3000000000000775,87.6000000000007,240.09580838323353,226.31428571428572
45,0.05,375,369,334,35,4,269,35,23.205538922155732,0.0500000000000769,86.35000000000078,265.09580838323353,226.31428571428572
45,0.05,400,369,331,38,4,269,38,22.16132930513599,1.1500000000000072,85.10000000000085,289.380664652568,236.47368421052633
45,0.05,425,371,332,39,1,271,39,21.06912650602413,0.9999999999999927,83.85000000000092,312.2620481927711,241.28205128205127
45,0.05,450,372,332,40,0,272,40,19.89292168674702,0.6999999999998752,82.60000000000099,336.08734939759034,245.25
45,0.05,475,372,329,43,0,272,43,18.81641337386021,0.5999999999999595,81.35000000000106,360.741641337386,255.46511627906978
45,0.05,500,372,328,44,0,272,44,17.621951219512223,0.6000000000000343,80.10000000000113,385.9634146341463,256.47727272727275
46,0.05,25,125,125,0,160,25,0,79.45560000000005,8.75,99.95,22.4,
46,0.05,50,150,150,0,132,50,0,66.1363333333334,7.499999999999992,99.9,41.5,
46,0.05,75,175,175,0,113,75,0,56.38657142857151,6.2499999999999964,99.95,58.714285714285715,
46,0.05,100,200,200,0,93,100,0,49.215500000000084,5.000000000000001,99.95,74.75,
46,0.05,125,225,224,1,80,125,1,43.93013392857153,3.7500000000000053,99.75000000000001,89.84375,108
46,0.05,150,250,249,1,65,150,1,39.58634538152621,2.5000000000000098,99.05000000000005,104.51807228915662,108
46,0.05,175,275,274,1,51,175,1,35.83686131386872,1.2500000000000109,99.9,118.7956204379562,108
46,0.05,200,300,299,1,39,200,1,32.594314381271005,1.0283440765590512e-14,98.90000000000006,132.77591973244148,108
46,0.05,225,325,309,16,27,225,16,31.218122977346372,0.050000000000059136,99.65000000000002,142.71844660194174,199.5
46,0.05,250,341,320,21,20,241,21,29.45484375000009,0.5500000000000485,91.55000000000048,158.840625,208.8095238095238
46,0.05,275,346,324,22,15,246,22,28.199228395061816,0.35000000000022163,90.30000000000055,180.94444444444446,211.22727272727272
46,0.05,300,351,326,25,9,251,25,27.238957055214808,3.0000000000001448,89.05000000000062,202.12269938650306,220.68
46,0.05,325,351,326,25,7,251,25,26.14233128834364,1.750000000000148,87.8000000000007,227.12269938650306,220.68
46,0.05,350,351,326,25,6,251,25,24.969018404908056,0.500000000000147,86.55000000000076,252.12269938650306,220.68
46,0.05,375,352,326,26,4,252,26,23.87239263803689,1.6500000000003052,85.30000000000084,276.0184049079755,226.07692307692307
46,0.05,400,354,328,26,1,254,26,22.710365853658615,0.4000000000003042,84.0500000000009,299.2378048780488,226.07692307692307
46,0.05,425,354,326,28,1,254,28,21.595858895705597,3.550000000000013,82.80000000000098,323.6963190184049,238.57142857142858
46,0.05,450,354,326,28,1,254,28,20.345858895705597,2.3000000000000176,81.55000000000105,348.6963190184049,238.57142857142858
46,0.05,475,354,326,28,1,254,28,19.095858895705597,1.0500000000000178,80.30000000000112,373.6963190184049,238.57142857142858
46,0.05,500,354,325,29,1,254,29,17.90138461538469,0.20000000000045703,79.05000000000119,398.68,244.17241379310346
47,0.05,25,125,125,0,172,25,0,79.38000000000005,8.75000000000001,99.95,22.4,
47,0.05,50,150,150,0,134,50,0,66.49700000000007,7.500000000000002,99.95,41.5,
47,0.05,75,175,175,0,114,75,0,57.11400000000008,2.400000000000012,99.70000000000002,58.714285714285715,
47,0.05,100,200,200,0,92,100,0,50.158250000000095,4.7808978997920804e-14,99.95,74.75,
47,0.05,125,225,223,2,79,125,2,44.76479820627813,3.7500000000000364,99.85000000000001,89.68609865470852,112.5
47,0.05,150,250,248,2,60,150,2,40.44455645161301,2.500000000000041,99.95,104.33467741935483,112.5
47,0.05,175,275,273,2,47,175,2,36.47399267399278,1.250000000000042,99.20000000000005,118.58974358974359,112.5
47,0.05,200,300,298,2,32,200,2,33.4258389261746,4.1369685455094896e-14,99.75000000000001,132.5503355704698,112.5
47,0.05,225,325,308,17,22,225,17,31.954707792207884,0.4000000000000804,96.70000000000019,142.4512987012987,190.7058823529412
47,0.05,250,341,321,20,18,241,20,29.68878504672906,0.950000000000262,98.85000000000007,159.13084112149534,197.85
47,0.05,275,343,322,21,15,243,21,28.579503105590145,0.6000000000001551,97.60000000000014,182.80124223602485,201.28571428571428
47,0.05,300,345,323,22,10,245,22,27.59860681114559,3.202577092409342e-13,96.35000000000021,206.3560371517028,205.22727272727272
47,0.05,325,346,321,25,8,246,25,26.672897196261758,0.2000000000002723,95.10000000000028,229.97507788161994,215.84
47,0.05,350,347,321,26,7,247,26,25.500778816199453,0.3500000000001337,93.85000000000035,253.95015576323988,220.23076923076923
47,0.05,375,350,323,27,2,250,27,24.485294117647133,0.8500000000000949,92.60000000000042,276.1640866873065,225.33333333333334
47,0.05,400,350,322,28,1,250,28,23.386335403726783,0.400000000000187,91.35000000000049,301.14285714285717,228.03571428571428
47,0.05,425,350,320,30,0,250,30,22.357343750000073,2.599999999999949,90.10000000000056,325.590625,239.56666666666666
47,0.05,450,350,320,30,0,250,30,21.107343750000073,1.3499999999999504,88.85000000000063,350.590625,239.56666666666666
47,0.05,475,350,320,30,0,250,30,19.857343750000073,0.09999999999994973,87.6000000000007,375.590625,239.56666666666666
47,0.05,500,350,316,34,0,250,34,18.853955696202608,0.34999999999983245,86.35000000000078,400.69303797468353,255.55882352941177
48,0.05,25,125,125,0,174,25,0,79.02080000000005,8.749999999999993,99.95,22.4,
48,0.05,50,150,150,0,146,50,0,65.13100000000006,2.5000000000000453,99.80000000000001,41.5,
48,0.05,75,175,175,0,117,75,0,56.68971428571436,1.2500000000000464,99.80000000000001,58.714285714285715,
48,0.05,100,200,200,0,93,100,0,49.94300000000008,4.581057755359552e-14,99.80000000000001,74.75,
48,0.05,125,225,223,2,76,125,2,44.79237668161444,0.5500000000001328,99.80000000000001,89.68609865470852,101
48,0.05,150,250,247,3,52,150,3,40.71214574898795,2.5000000000000027,99.85000000000001,104.1497975708502,113
48,0.05,175,275,272,3,34,175,3,36.45772058823538,1.2500000000000038,99.95,118.38235294117646,113
48,0.05,200,300,297,3,24,200,3,32.95404040404049,3.1780134079895106e-15,98.90000000000006,132.32323232323233,113
48,0.05,225,325,304,21,15,225,21,31.662171052631653,0.15000000000026964,97.65000000000013,141.36513157894737,190.1904761904762
48,0.05,250,342,317,25,11,242,25,29.451261829653063,2.1900536939511994e-13,95.05000000000028,157.22082018927443,196.76
48,0.05,275,344,317,27,8,244,27,28.439905362776088,0.3500000000003762,93.80000000000035,180.57097791798108,201.14814814814815
48,0.05,300,346,317,29,6,246,29,27.34684542586757,0.25000000000002714,92.55000000000042,203.7665615141956,207.24137931034483
48,0.05,325,346,315,31,4,246,31,26.425079365079423,0.8999999999999357,91.3000000000005,228.23492063492063,213.32258064516128
48,0.05,350,346,314,32,4,246,32,25.25636942675165,1.683791994722128e-13,90.05000000000057,253.06369426751593,216.03125
48,0.05,375,349,315,34,1,249,34,24.171111111111166,1.550000000000028,88.80000000000064,274.93650793650795,223.64705882352942
48,0.05,400,349,315,34,0,249,34,23.000476190476245,0.30000000000002713,87.55000000000071,299.93650793650795,223.64705882352942
48,0.05,425,349,312,37,0,249,37,21.965384615384668,3.8000000000000016,86.30000000000078,324.08012820512823,238.1891891891892
48,0.05,450,349,312,37,0,249,37,20.715384615384664,2.550000000000006,85.05000000000085,349.08012820512823,238.1891891891892
48,0.05,475,349,312,37,0,249,37,19.465384615384664,1.3000000000000074,83.80000000000092,374.08012820512823,238.1891891891892
48,0.05,500,349,312,37,0,249,37,18.215384615384664,0.050000000000006734,82.55000000000099,399.08012820512823,238.1891891891892
49,0.05,25,125,125,0,159,25,0,79.23520000000005,8.749999999999993,99.95,22.4,
49,0.05,50,150,150,0,124,50,0,66.04766666666673,7.499999999999985,99.95,41.5,
49,0.05,75,175,175,0,98,75,0,56.666000000000075,6.249999999999989,99.95,58.714285714285715,
49,0.05,100,200,200,0,76,100,0,49.54225000000008,4.999999999999994,99.9,74.75,
49,0.05,125,225,225,0,57,125,0,43.47200000000009,3.7499999999999982,99.80000000000001,90,
49,0.05,150,250,250,0,45,150,0,38.77220000000009,2.5000000000000027,99.55000000000003,104.7,
49,0.05,175,275,275,0,34,175,0,34.75690909090918,1.2500000000000038,99.85000000000001,119,
49,0.05,200,300,300,0,25,200,0,31.34000000000009,3.1780134079895106e-15,98.90000000000006,133,
49,0.05,225,325,307,18,19,225,18,29.83941368078183,0.050000000000147066,99.70000000000002,142.18241042345278,201.94444444444446
49,0.05,250,350,328,22,11,250,22,27.32850609756104,0.10000000000039753,96.05000000000022,154.34451219512195,207.22727272727272
49,0.05,275,353,325,28,9,253,28,26.477230769230825,0.30000000000044014,94.8000000000003,176.08,219.17857142857142
49,0.05,300,355,323,32,7,255,32,25.544891640866922,1.2663481374630692e-13,93.55000000000037,198.6625386996904,227.53125
49,0.05,325,358,321,37,4,258,37,24.685046728972,1.9000000000001642,92.30000000000044,220.15887850467288,238.51351351351352
49,0.05,350,358,321,37,3,258,37,23.51292834890969,0.6500000000001631,91.05000000000051,245.15887850467288,238.51351351351352
49,0.05,375,360,321,39,1,260,39,22.4185358255452,3.050000000000085,89.80000000000058,267.89719626168227,244.97435897435898
49,0.05,400,361,322,39,0,261,39,21.17857142857145,1.8000000000000886,88.55000000000065,292.0248447204969,244.97435897435898
49,0.05,425,361,322,39,0,261,39,19.92857142857144,0.5500000000000875,87.30000000000072,317.0248447204969,244.97435897435898
49,0.05,450,361,321,40,0,261,40,18.738940809968852,0.750000000000014,86.0500000000008,342.1121495327103,246.375
49,0.05,475,361,320,41,0,261,41,17.54515625,0.6000000000001515,84.80000000000086,366.978125,250.14634146341464
49,0.05,500,361,319,42,0,261,42,16.34827586206896,0.1000000000000769,83.55000000000094,391.91222570532915,253.73809523809524
50,0.05,25,125,125,0,177,25,0,79.56680000000004,3.750000000000038,99.95,22.4,
50,0.05,50,150,150,0,141,50,0,67.10300000000007,2.5000000000000426,99.9,41.5,
50,0.05,75,175,175,0,111,75,0,58.16485714285722,1.2500000000000437,99.95,58.714285714285715,
50,0.05,100,200,200,0,92,100,0,51.42075000000009,4.3146042294495146e-14,99.9,74.75,
50,0.05,125,225,223,2,74,125,2,46.257847533632386,3.7499999999999982,99.95,89.68609865470852,111
50,0.05,150,250,248,2,56,150,2,41.78024193548398,1.1000000000000678,99.95,104.33467741935483,111
50,0.05,175,275,272,3,39,175,3,37.99613970588246,1.2500000000000038,99.25000000000004,118.38235294117646,131.66666666666666
50,0.05,200,300,297,3,25,200,3,34.68232323232334,3.1780134079895106e-15,99.60000000000002,132.32323232323233,131.66666666666666
50,0.05,225,325,305,20,18,225,20,33.066721311475504,0.500000000000203,98.90000000000006,141.63934426229508,191.45
50,0.05,250,350,328,22,13,250,22,29.92378048780497,0.35000000000000314,94.7000000000003,154.34451219512195,196.04545454545453
50,0.05,275,364,339,25,11,264,25,27.859439528023685,1.0000000000000844,86.25000000000078,171.81415929203538,204.36
50,0.05,300,368,342,26,6,268,26,26.73508771929833,1.1500000000001565,85.00000000000085,194.35380116959064,207.8846153846154
50,0.05,325,372,345,27,1,272,27,25.59913043478269,1.1952938638870592e-13,83.75000000000092,216.6550724637681,211.33333333333334
50,0.05,350,372,342,30,1,272,30,24.56739766081879,0.10000000000010888,82.500000000001,241.06432748538012,220.13333333333333
50,0.05,375,373,341,32,0,273,32,23.46334310850447,1.3500000000006194,81.25000000000107,264.6774193548387,228.625
50,0.05,400,373,341,32,0,273,32,22.213343108504468,0.10000000000061869,80.00000000000114,289.6774193548387,228.625
50,0.05,425,373,338,35,0,273,35,21.15754437869829,2.0499999999999208,78.75000000000121,313.7573964497041,243.37142857142857
50,0.05,450,373,338,35,0,273,35,19.907544378698287,0.7999999999999197,77.50000000000128,338.7573964497041,243.37142857142857
50,0.05,475,373,337,36,0,273,36,18.714243323442194,1.3000000000004364,76.25000000000135,363.919881305638,244.94444444444446
50,0.05,500,373,337,36,0,273,36,17.464243323442194,0.050000000000435724,75.00000000000142,388.919881305638,244.94444444444446
51,0.05,25,125,125,0,171,25,0,79.59080000000004,3.750000000000016,99.95,22.4,
51,0.05,50,150,150,0,152,50,0,65.99333333333341,2.5000000000000204,99.95,41.5,
51,0.05,75,175,175,0,123,75,0,56.949428571428655,1.2500000000000215,99.95,58.714285714285715,
51,0.05,100,200,200,0,107,100,0,49.76025000000009,2.0941581801992015e-14,99.60000000000002,74.75,
51,0.05,125,225,224,1,87,125,1,44.693750000000094,3.750000000000015,99.60000000000002,89.84375,101
51,0.05,150,250,249,1,70,150,1,40.41224899598404,2.5000000000000195,99.9,104.51807228915662,101
51,0.05,175,275,274,1,55,175,1,36.58850364963514,1.2500000000000207,99.25000000000004,118.7956204379562,101
51,0.05,200,300,299,1,39,200,1,33.49063545150512,2.005340338229189e-14,99.40000000000003,132.77591973244148,101
51,0.05,225,325,304,21,31,225,21,32.17960526315798,0.6000000000002164,99.95,141.36513157894737,197.42857142857142
51,0.05,250,350,328,22,21,250,22,29.384908536585446,0.35000000000030423,97.65000000000013,154.34451219512195,199.27272727272728
51,0.05,275,353,325,28,15,253,28,28.796000000000078,1.5000000000001612,99.00000000000006,175.97846153846154,213.03571428571428
51,0.05,300,355,327,28,11,255,28,27.677370030581116,0.6000000000000734,97.75000000000013,199.868501529052,213.03571428571428
51,0.05,325,360,329,31,5,260,31,26.697720364741713,1.750000000000085,96.5000000000002,220.83586626139817,222.41935483870967
51,0.05,350,362,331,31,2,262,31,25.5146525679759,0.5000000000000839,95.25000000000027,244.46827794561935,222.41935483870967
51,0.05,375,363,330,33,1,263,33,24.41424242424249,0.10000000000021102,94.00000000000034,268.3333333333333,228.45454545454547
51,0.05,400,363,328,35,1,263,35,23.309908536585432,0.299999999999979,92.75000000000041,292.7103658536585,237.22857142857143
51,0.05,425,363,325,38,1,263,38,22.26969230769237,1.1500000000003723,91.50000000000048,317.1107692307692,247.71052631578948
51,0.05,450,363,324,39,0,263,39,21.1620370370371,0.09999999999991953,90.25000000000055,341.9259259259259,251.64102564102564
51,0.05,475,363,323,40,0,263,40,19.977244582043404,1.3499999999998686,89.00000000000063,366.75232198142413,255.35
51,0.05,500,363,323,40,0,263,40,18.727244582043404,0.09999999999986801,87.7500000000007,391.75232198142413,255.35
42,0.2,25,125,125,0,164,25,0,76.47359999999995,4.99999999999995,99.8,22.4,
42,0.2,50,150,144,6,137,50,6,62.97361111111105,1.7999999999999559,99.6,41.145833333333336,50
42,0.2,75,175,167,8,108,75,8,51.707784431137654,1.9999999999999265,99.8,57.93413173652694,54
42,0.2,100,200,190,10,86,100,10,42.37789473684204,6.599999999999991,99.8,73.42105263157895,61.5
42,0.2,125,225,215,10,76,125,10,33.481860465116206,0.39999999999987285,98.59999999999998,88.37209302325581,61.5
42,0.2,150,250,234,16,61,150,16,27.388888888888815,0.20000000000007312,97.59999999999997,101.64529914529915,89.25
42,0.2,175,275,235,40,45,175,40,23.83829787234034,7.310818617156656e-14,91.99999999999989,110.65957446808511,127.125
42,0.2,200,287,209,78,35,187,78,22.42966507177025,1.2712053631958042e-14,78.19999999999969,120.60765550239235,149.60256410256412
42,0.2,225,287,178,109,29,187,109,21.805617977527977,0.19999999999962836,81.7999999999997,140.23595505617976,153.39449541284404
42,0.2,250,290,153,137,23,190,137,20.918954248365864,7.310818617156656e-14,76.79999999999963,160.9607843137255,154.98540145985402
42,0.2,275,294,128,166,17,194,166,20.7109374999998,7.310818617156656e-14,78.99999999999943,182.140625,157.03012048192772
42,0.2,300,294,103,191,14,194,191,20.926213592232738,7.310818617156656e-14,73.99999999999936,213.24271844660194,158.59685863874344
42,0.2,325,298,83,215,9,198,215,21.79759036144542,7.310818617156656e-14,68.99999999999929,245.12048192771084,159.48372093023255
42,0.2,350,299,61,238,7,199,238,24.311475409835616,1.1999999999999693,63.99999999999922,269.9344262295082,168.3235294117647
42,0.2,375,300,60,240,5,200,240,20.529999999999536,1.600000000000073,60.99999999999923,289.01666666666665,169.55416666666667
42,0.2,400,301,51,250,3,201,250,19.545098039215144,0.3999999999999552,55.99999999999916,322.03921568627453,172.172
42,0.2,425,301,44,257,0,201,257,19.027272727272116,1.2000000000000126,55.19999999999959,358.70454545454544,174.55642023346303
42,0.2,450,301,39,262,0,201,262,15.989743589742936,0.8000000000000553,50.19999999999952,387.35897435897436,177.88931297709922
42,0.2,475,301,30,271,0,201,271,14.846666666665888,1.1999999999991877,45.19999999999945,440.23333333333335,182.2952029520295
42,0.2,500,301,19,282,0,201,282,16.06315789473606,1.9999999999991165,40.19999999999938,463.89473684210526,193.25177304964538
43,0.2,25,125,125,0,159,25,0,76.63359999999996,4.999999999999929,99.8,22.4,
43,0.2,50,150,144,6,132,50,6,63.84999999999994,1.599999999999964,99.8,41.145833333333336,50
43,0.2,75,175,167,8,105,75,8,52.66946107784424,2.5999999999999455,99.6,57.93413173652694,54.125
43,0.2,100,200,191,9,81,100,9,43.206282722513016,2.3999999999999506,99.6,73.56020942408377,57.888888888888886
43,0.2,125,225,213,12,64,125,12,35.3098591549295,2.599999999999916,99.8,88.02816901408451,72.33333333333333
43,0.2,150,250,233,17,50,150,17,28.751072961373307,0.20000000000007312,97.39999999999996,101.39484978540773,92.41176470588235
43,0.2,175,275,235,40,28,175,40,25.6136170212765,7.310818617156656e-14,99.39999999999999,110.55744680851063,127.525
43,0.2,200,300,225,75,19,200,75,22.534222222222123,7.310818617156656e-14,94.39999999999992,115.93777777777778,145.13333333333333
43,0.2,225,312,209,103,12,212,103,19.834449760765448,7.310818617156656e-14,89.39999999999985,129.03827751196172,150.67961165048544
43,0.2,250,316,183,133,7,216,133,17.98360655737693,7.310818617156656e-14,84.39999999999978,149.3551912568306,150.93984962406014
43,0.2,275,319,165,154,3,219,154,15.259393939393808,7.310818617156656e-14,82.5999999999994,172.01818181818183,152.0064935064935
43,0.2,300,320,130,190,1,220,190,14.07846153846137,1.9817480989559044e-14,77.59999999999933,195.69230769230768,158.2421052631579
43,0.2,325,320,98,222,0,220,222,13.159183673469155,7.310818617156656e-14,72.59999999999926,228.89795918367346,161.84234234234233
43,0.2,350,320,53,267,0,220,267,16.44150943396195,7.310818617156656e-14,67.59999999999918,264.58490566037733,173.98876404494382
43,0.2,375,320,36,284,0,220,284,18.216666666666228,0.8000000000000731,62.59999999999911,315.47222222222223,176.79929577464787
43,0.2,400,320,28,292,0,220,292,17.80714285714235,0.3999999999995431,57.59999999999904,353.92857142857144,179.61301369863014
43,0.2,425,320,21,299,0,220,299,18.199999999999395,0.1999999999995431,52.59999999999897,400.85714285714283,182.35451505016724
43,0.2,450,320,17,303,0,220,303,17.223529411763998,0.5999999999995431,47.5999999999989,442.70588235294116,184.37293729372936
43,0.2,475,320,15,305,0,220,305,14.14666666666594,0.3999999999997705,42.59999999999883,466.73333333333335,186.2065573770492
43,0.2,500,320,8,312,0,220,312,18.39999999999917,1.7999999999995429,37.59999999999876,495.25,192.81089743589743
44,0.2,25,125,125,0,170,25,0,76.20799999999996,4.999999999999937,99.6,22.4,
44,0.2,50,150,143,7,139,50,7,63.74125874125868,20.200000000000035,99.6,41.08391608391609,50
44,0.2,75,175,167,8,112,75,8,51.91497005988017,0.9999999999999347,99.8,57.93413173652694,51.75
44,0.2,100,200,190,10,92,100,10,42.931578947368344,0.3999999999998873,98.99999999999999,73.42105263157895,60.8
44,0.2,125,225,212,13,74,125,13,35.33207547169803,1.999999999999987,99.6,87.85377358490567,72.07692307692308
44,0.2,150,250,232,18,56,150,18,29.105172413793024,0.20000000000007312,98.59999999999998,101.47413793103448,87.38888888888889
44,0.2,175,275,236,39,45,175,39,24.734745762711775,6.600275881396556e-14,99.19999999999999,111.1864406779661,121.05128205128206
44,0.2,200,293,213,80,36,193,80,22.82065727699521,7.310818617156656e-14,83.19999999999983,117.46478873239437,148.4625
44,0.2,225,295,188,107,29,195,107,21.44680851063818,7.310818617156656e-14,78.19999999999976,137.27659574468086,150.73831775700936
44,0.2,250,298,162,136,22,198,136,20.582716049382572,0.20000000000007312,73.19999999999969,154.85802469135803,156.125
44,0.2,275,300,141,159,18,200,159,18.98723404255301,7.310818617156656e-14,68.19999999999962,178.88652482269504,156.62264150943398
44,0.2,300,304,114,190,13,204,190,19.01754385964888,7.310818617156656e-14,63.19999999999955,205.4298245614035,157.38947368421051
44,0.2,325,304,95,209,12,204,209,17.59368421052602,7.310818617156656e-14,58.19999999999948,237.89473684210526,159.55023923444975
44,0.2,350,304,63,241,9,204,241,21.215873015872628,1.0000000000000517,53.199999999999406,275.77777777777777,168.63485477178423
44,0.2,375,307,62,245,5,207,245,18.035483870967354,0.7999999999996141,48.199999999999335,287.88709677419354,170.44897959183675
44,0.2,400,307,52,255,4,207,255,16.488461538461113,0.20000000000012996,43.199999999999264,311.90384615384613,175.77254901960785
44,0.2,425,307,42,265,4,207,265,14.885714285713807,1.5999999999995713,38.19999999999919,337.1666666666667,181.30188679245282
44,0.2,450,307,34,273,3,207,273,13.382352941175917,0.9999999999999196,49.99999999999917,383.05882352941177,183.74358974358975
44,0.2,475,307,25,282,1,207,282,13.91199999999939,0.5999999999996426,69.99999999999909,402.6,191.1631205673759
44,0.2,500,307,18,289,1,207,289,12.866666666666053,1.000000000000073,64.99999999999902,424.6111111111111,196.9273356401384
45,0.2,25,125,124,1,161,25,1,78.19193548387092,4.999999999999948,99.6,22.379032258064516,25
45,0.2,50,150,146,4,133,50,4,63.78219178082185,5.9999999999999725,99.8,41.26712328767123,43.75
45,0.2,75,175,171,4,110,75,4,51.690058479532084,0.9999999999999694,99.8,58.333333333333336,43.75
45,0.2,100,200,193,7,92,100,7,42.81036269430043,8.399999999999991,99.19999999999999,73.83419689119171,62
45,0.2,125,225,218,7,71,125,7,35.302752293577896,3.399999999999988,99.39999999999999,88.87614678899082,62
45,0.2,150,250,239,11,56,150,11,28.589121338912044,2.3370194668359545e-14,99.6,103,84.18181818181819
45,0.2,175,275,242,33,45,175,33,24.29090909090899,2.0539125955565396e-15,91.19999999999987,112.69834710743801,130.8181818181818
45,0.2,200,293,221,72,40,193,72,21.659728506787225,7.310818617156656e-14,79.1999999999997,120.1945701357466,154.56944444444446
45,0.2,225,298,198,100,29,198,100,20.256565656565535,7.310818617156656e-14,81.3999999999998,136.8939393939394,158.62
45,0.2,250,301,172,129,24,201,129,18.66046511627893,0.20000000000007312,76.39999999999974,156.52906976744185,160.43410852713177
45,0.2,275,307,151,156,16,207,156,17.19602649006606,7.310818617156656e-14,81.19999999999939,175.56953642384107,161.48076923076923
45,0.2,300,308,121,187,13,208,187,16.484297520660935,4.113376306236205e-14,76.19999999999932,205.71074380165288,161.62032085561498
45,0.2,325,310,94,216,10,210,216,16.3063829787231,7.310818617156656e-14,71.19999999999925,238.2872340425532,164
45,0.2,350,311,62,249,6,211,249,19.706451612902843,0.20000000000005536,91.19999999999918,263.96774193548384,174.81927710843374
45,0.2,375,312,52,260,4,212,260,19.034615384614956,0.1999999999995431,86.19999999999911,293.0192307692308,177.2076923076923
45,0.2,400,312,42,270,3,212,270,18.595238095237626,0.7999999999997705,81.19999999999904,319.76190476190476,181.67777777777778
45,0.2,425,312,36,276,1,212,276,17.683333333332815,0.20000000000013707,76.19999999999897,350.3611111111111,184.22101449275362
45,0.2,450,312,32,280,1,212,280,14.606249999999424,0.39999999999949337,71.1999999999989,389.78125,185.12142857142857
45,0.2,475,312,24,288,0,212,288,14.566666666666057,0.8000000000000731,66.19999999999882,417.3333333333333,190.99305555555554
45,0.2,500,312,10,302,0,212,302,24.47999999999942,0.5999999999996106,61.19999999999875,424,203.0066225165563
46,0.2,25,125,125,0,160,25,0,76.78879999999995,4.999999999999934,99.8,22.4,
46,0.2,50,150,143,7,134,50,7,63.71748251748245,1.599999999999987,99.6,41.08391608391609,50
46,0.2,75,175,167,8,113,75,8,51.66467065868256,0.1999999999999028,99.8,57.93413173652694,51
46,0.2,100,200,189,11,94,100,11,42.51957671957664,7.599999999999846,99.6,73.28042328042328,60.54545454545455
46,0.2,125,225,214,11,78,125,11,34.48130841121487,2.5999999999998415,95.59999999999994,88.20093457943925,60.54545454545455
46,0.2,150,250,236,14,63,150,14,27.855932203389745,0.20000000000007312,99.19999999999999,102.0677966101695,77.78571428571429
46,0.2,175,275,241,34,48,175,34,23.857261410788286,7.310818617156656e-14,82.79999999999976,112.28215767634855,120.11764705882354
46,0.2,200,285,216,69,37,185,69,22.39907407407397,0.20000000000007312,84.99999999999943,125.31018518518519,145.31884057971016
46,0.2,225,289,194,95,28,189,95,20.7762886597937,7.310818617156656e-14,66.59999999999995,144.56701030927834,149.34736842105264
46,0.2,250,293,167,126,22,193,126,19.6526946107783,0.20000000000007312,61.59999999999988,164.77245508982037,152.63492063492063
46,0.2,275,295,144,151,18,195,151,18.061111111110932,7.310818617156656e-14,56.59999999999981,187.96527777777777,156.35099337748343
46,0.2,300,295,117,178,17,195,178,16.883760683760443,7.310818617156656e-14,51.59999999999974,219.07692307692307,159.09550561797752
46,0.2,325,298,88,210,11,198,210,18.295454545454195,7.310818617156656e-14,60.99999999999936,253.1931818181818,163.21428571428572
46,0.2,350,299,60,239,9,199,239,21.123333333332898,0.5999999999995431,56.799999999999514,270.93333333333334,176.8786610878661
46,0.2,375,299,51,248,7,199,248,20.321568627450493,0.7999999999995431,51.79999999999944,303.15686274509807,179.3508064516129
46,0.2,400,300,45,255,5,200,255,18.83999999999947,0.5999999999995431,46.79999999999937,328.75555555555553,181.73333333333332
46,0.2,425,300,40,260,2,200,260,17.784999999999425,1.0000000000000127,65.79999999999906,361.2,183.64615384615385
46,0.2,450,301,33,268,1,201,268,16.62424242424179,1.3999999999995998,60.79999999999899,386.3333333333333,188.01492537313433
46,0.2,475,301,30,271,1,201,271,12.939999999999339,1.399999999999543,55.79999999999892,410.03333333333336,190.5461254612546
46,0.2,500,301,17,284,1,201,284,14.317647058823013,0.19999999999932994,50.799999999998846,385.3529411764706,204.61971830985917
47,0.2,25,125,125,0,172,25,0,76.48319999999995,4.99999999999994,99.8,22.4,
47,0.2,50,150,146,4,134,50,4,63.43972602739719,20.200000000000035,99.6,41.26712328767123,50
47,0.2,75,175,171,4,113,75,4,51.269005847953146,2.5999999999999375,99.8,58.333333333333336,50
47,0.2,100,200,193,7,89,100,7,42.390673575129455,5.799999999999954,99.8,73.83419689119171,68.14285714285714
47,0.2,125,225,218,7,70,125,7,34.730275229357716,0.7999999999999508,99.19999999999999,88.87614678899082,68.14285714285714
47,0.2,150,250,242,8,56,150,8,27.73057851239661,0.20000000000007312,99.39999999999999,103.20247933884298,75.75
47,0.2,175,275,245,30,38,175,30,24.031020408163172,0.20000000000007312,95.79999999999994,113.15918367346939,133.2
47,0.2,200,289,213,76,28,189,76,23.131455399060933,7.310818617156656e-14,90.79999999999987,120.85915492957747,158.55263157894737
47,0.2,225,292,193,99,20,192,99,21.310880829015424,7.310818617156656e-14,89.99999999999969,141.56476683937825,157.1919191919192
47,0.2,250,295,167,128,15,195,128,19.876646706586683,7.310818617156656e-14,80.79999999999973,162.89820359281438,157.9140625
47,0.2,275,296,143,153,13,196,153,18.131468531468354,7.310818617156656e-14,80.19999999999966,188.66433566433565,159.09803921568627
47,0.2,300,297,116,181,7,197,181,18.05517241379287,7.310818617156656e-14,75.19999999999959,217.79310344827587,162
47,0.2,325,297,88,209,6,197,209,18.25681818181786,0.20000000000007312,72.59999999999991,256.5568181818182,165.51674641148324
47,0.2,350,298,58,240,5,198,240,21.555172413792686,0.999999999999543,67.59999999999984,286.3103448275862,177.02083333333334
47,0.2,375,298,48,250,4,198,250,21.041666666666206,0.20000000000008022,62.59999999999977,311.7916666666667,181.816
47,0.2,400,298,38,260,4,198,260,21.178947368420527,2.000000000000073,57.599999999999696,338.5263157894737,186.8653846153846
47,0.2,425,298,34,264,4,198,264,18.294117647058233,0.39999999999996944,52.599999999999625,372.3529411764706,188.28030303030303
47,0.2,450,298,26,272,4,198,272,17.92307692307626,1.6000000000001369,47.599999999999554,401.38461538461536,193.78676470588235
47,0.2,475,298,24,274,3,198,274,15.216666666665956,2.1999999999997844,47.39999999999901,431,195.007299270073
47,0.2,500,298,15,283,3,198,283,16.70666666666594,0.19999999999918783,42.39999999999894,453,203.37455830388691
48,0.2,25,125,125,0,172,25,0,77.17439999999995,4.999999999999945,99.8,22.4,
48,0.2,50,150,144,6,146,50,6,63.82083333333326,3.599999999999981,99.19999999999999,41.145833333333336,50
48,0.2,75,175,168,7,121,75,7,51.995238095238015,0.399999999999973,98.99999999999999,58.035714285714285,52.57142857142857
48,0.2,100,200,189,11,96,100,11,43.55873015873008,1.9999999999999238,99.8,73.28042328042328,62.27272727272727
48,0.2,125,225,213,12,82,125,12,35.26572769953043,0.19999999999996831,99.19999999999999,88.02816901408451,66.25
48,0.2,150,250,230,20,58,150,20,30.17217391304339,0.40000000000007313,97.39999999999996,101.09130434782608,90.35
48,0.2,175,275,237,38,36,175,38,26.312236286919735,3.402833570476105e-14,97.19999999999996,111.34177215189874,118.57894736842105
48,0.2,200,300,223,77,26,200,77,23.704035874439374,7.310818617156656e-14,90.99999999999952,114.45739910313901,147.07792207792207
48,0.2,225,306,204,102,17,206,102,21.725490196078326,7.310818617156656e-14,85.99999999999945,132.38235294117646,149.61764705882354
48,0.2,250,308,178,130,14,208,130,19.982022471909982,7.310818617156656e-14,80.99999999999937,154.30898876404495,150.58461538461538
48,0.2,275,310,152,158,10,210,158,18.597368421052465,7.310818617156656e-14,75.9999999999993,178.35526315789474,152.5632911392405
48,0.2,300,310,123,187,7,210,187,17.97560975609734,0.20000000000007312,70.99999999999923,206.390243902439,156.71657754010695
48,0.2,325,312,97,215,4,212,215,17.808247422680115,0.20000000000007312,65.99999999999916,240.8041237113402,158.84186046511627
48,0.2,350,312,61,251,3,212,251,21.73770491803238,7.310818617156656e-14,60.99999999999909,272.3606557377049,171.4980079681275
48,0.2,375,312,47,265,3,212,265,22.63404255319101,2.6000000000000734,55.99999999999902,305.29787234042556,175.95849056603774
48,0.2,400,313,44,269,1,213,269,20.027272727272226,1.400000000000073,50.99999999999895,328.45454545454544,177.28996282527882
48,0.2,425,313,40,273,0,213,273,17.41999999999947,0.6000000000000127,70.19999999999922,356.1,179.2930402930403
48,0.2,450,313,35,278,0,213,278,14.468571428570845,0.8000000000000731,65.19999999999915,387.74285714285713,181.9208633093525
48,0.2,475,313,25,288,0,213,288,13.94399999999933,0.9999999999999267,60.19999999999908,425.72,188.51736111111111
48,0.2,500,313,17,296,0,213,296,13.752941176469907,0.3999999999992589,55.19999999999901,439.5882352941176,196.07094594594594
49,0.2,25,125,125,0,159,25,0,76.34079999999996,4.999999999999929,99.8,22.4,
49,0.2,50,150,141,9,125,50,9,65.71063829787228,6.199999999999987,99.8,40.95744680851064,50
49,0.2,75,175,165,10,98,75,10,53.66424242424235,0.1999999999998643,99.6,57.72727272727273,52
49,0.2,100,200,186,14,74,100,14,44.718279569892395,4.800000000000014,99.6,72.84946236559139,62.5
49,0.2,125,225,210,15,55,125,15,36.54476190476182,0.19999999999992413,97.99999999999997,87.61428571428571,65.06666666666666
49,0.2,150,250,233,17,43,150,17,29.323605150214505,0.20000000000007312,97.99999999999997,101.65665236051503,70.70588235294117
49,0.2,175,275,240,35,33,175,35,24.605833333333237,4.113376306236205e-14,87.19999999999982,112.275,109.77142857142857
49,0.2,200,297,224,73,27,197,73,21.64374999999991,0.1999999999997838,82.19999999999975,117.70982142857143,143.4794520547945
49,0.2,225,302,203,99,22,202,99,19.272906403940784,2.0539125955565396e-15,77.19999999999968,136.78817733990147,145.43434343434345
49,0.2,250,304,177,127,17,204,127,17.420338983050723,0.3999999999998238,72.1999999999996,158.85875706214688,148.37007874015748
49,0.2,275,308,154,154,10,208,154,15.78831168831154,9.159339953157541e-15,67.19999999999953,179.94155844155844,151.9935064935065
49,0.2,300,309,112,197,7,209,197,16.480357142856942,7.310818617156656e-14,62.19999999999946,202.09821428571428,161.49238578680203
49,0.2,325,311,86,225,5,211,225,16.274418604650883,7.310818617156656e-14,57.19999999999939,228.41860465116278,165.8088888888889
49,0.2,350,312,50,262,3,212,262,21.651999999999585,0.2000000000000447,52.19999999999932,261.2,174.6145038167939
49,0.2,375,312,41,271,3,212,271,20.819512195121483,0.8000000000000731,47.19999999999925,287.8780487804878,177.69372693726936
49,0.2,400,313,37,276,2,213,276,18.513513513513004,0.7999999999997989,42.19999999999918,316.35135135135135,178.34782608695653
49,0.2,425,313,31,282,2,213,282,16.67096774193488,0.3999999999996497,37.19999999999911,353.9032258064516,180.15248226950354
49,0.2,450,313,26,287,2,213,287,14.561538461537815,2.8000000000000735,32.19999999999904,378.88461538461536,183.3275261324042
49,0.2,475,313,23,290,2,213,290,10.956521739129732,0.20000000000007312,27.199999999999054,422.1304347826087,184.1103448275862
49,0.2,500,313,14,299,2,213,299,10.571428571427848,0.9999999999998983,22.199999999999072,451,191.66889632107024
50,0.2,25,125,124,1,177,25,1,77.08387096774189,4.999999999999932,99.8,22.379032258064516,25
50,0.2,50,150,144,6,141,50,6,64.4791666666666,0.3999999999999428,99.6,41.145833333333336,45.833333333333336
50,0.2,75,175,168,7,110,75,7,53.12499999999992,0.5999999999999535,99.39999999999999,58.035714285714285,46.714285714285715
50,0.2,100,200,190,10,90,100,10,44.16210526315781,3.599999999999941,99.8,73.42105263157895,58.1
50,0.2,125,225,212,13,71,125,13,36.51981132075463,0.19999999999995255,99.8,87.85377358490567,72.3076923076923
50,0.2,150,250,235,15,54,150,15,29.735319148936078,0.6000000000000731,95.99999999999994,101.89787234042554,79.4
50,0.2,175,275,243,32,39,175,32,25.3037037037036,0.20000000000007312,89.9999999999995,112.51851851851852,119.5
50,0.2,200,298,227,71,26,198,71,23.063436123347927,7.310818617156656e-14,84.99999999999943,116.65638766519824,153.38028169014083
50,0.2,225,300,205,95,21,200,95,20.858536585365748,7.310818617156656e-14,79.99999999999936,137.54634146341462,153.58947368421053
50,0.2,250,303,184,119,15,203,119,18.765217391304223,7.310818617156656e-14,74.99999999999929,158.79891304347825,155.08403361344537
50,0.2,275,304,156,148,12,204,148,17.26410256410241,1.2712053631958042e-14,69.99999999999922,181.8846153846154,158.75
50,0.2,300,306,126,180,9,206,180,16.485714285714074,0.3999999999997634,64.99999999999915,207.95238095238096,161.9388888888889
50,0.2,325,307,96,211,6,207,211,16.602083333333045,7.310818617156656e-14,66.79999999999967,236.90625,167.87203791469193
50,0.2,350,310,57,253,3,210,253,21.936842105262762,0.19999999999989126,56.7999999999996,257.6842105263158,180.2094861660079
50,0.2,375,311,53,258,1,211,258,19.350943396225993,7.310818617156656e-14,51.79999999999953,280.7358490566038,181.3139534883721
50,0.2,400,311,47,264,1,211,264,16.52340425531869,0.5999999999995431,46.79999999999946,311.1276595744681,182.8901515151515
50,0.2,425,311,36,275,0,211,275,16.227777777777234,0.19999999999977758,41.799999999999386,350.80555555555554,186.8
50,0.2,450,311,32,279,0,211,279,13.006249999999428,0.3999999999999268,36.799999999999315,377.15625,189.14336917562724
50,0.2,475,311,26,285,0,211,285,10.330769230768592,0.999999999999543,31.79999999999925,410.96153846153845,192.61052631578949
50,0.2,500,311,14,297,0,211,297,10.999999999999316,0.1999999999995431,26.79999999999927,453.35714285714283,201.37373737373738
51,0.2,25,125,125,0,170,25,0,76.22719999999995,4.999999999999989,99.8,22.4,
51,0.2,50,150,147,3,150,50,3,61.712925170067955,0.99999999999994,99.8,41.326530612244895,50
51,0.2,75,175,169,6,122,75,6,52.01065088757388,2.3999999999999,98.79999999999998,58.13609467455621,56.833333333333336
51,0.2,100,200,193,7,104,100,7,42.51709844559577,1.9999999999999238,99.8,73.83419689119171,61.142857142857146
51,0.2,125,225,216,9,84,125,9,35.05277777777769,0.39999999999990815,97.59999999999997,88.54166666666667,71.66666666666667
51,0.2,150,250,234,16,69,150,16,28.966666666666576,0.6000000000000731,97.99999999999962,102.05128205128206,93.875
51,0.2,175,275,244,31,51,175,31,24.570491803278593,7.310818617156656e-14,98.39999999999998,113.24590163934427,120.64516129032258
51,0.2,200,299,221,78,36,199,78,23.288687782805336,7.310818617156656e-14,93.3999999999999,114.87330316742081,155.39743589743588
51,0.2,225,306,204,102,26,206,102,21.250980392156755,0.20000000000007312,88.39999999999984,132.22549019607843,155.34313725490196
51,0.2,250,314,180,134,13,214,134,20.504444444444314,7.310818617156656e-14,93.99999999999999,148.9611111111111,155.47014925373134
51,0.2,275,317,158,159,8,217,159,18.793670886075795,0.20000000000004114,99.39999999999999,169.873417721519,157.54088050314465
51,0.2,300,318,128,190,6,218,190,17.94062499999979,7.310818617156656e-14,94.39999999999992,195.359375,160.64736842105262
51,0.2,325,318,97,221,5,218,221,18.12371134020589,7.310818617156656e-14,89.39999999999985,231.81443298969072,162.38009049773757
51,0.2,350,319,63,256,4,219,256,21.580952380951995,7.310818617156656e-14,84.39999999999978,255.04761904761904,173.5859375
51,0.2,375,320,53,267,3,220,267,20.64528301886746,0.20000000000007312,79.39999999999971,291.4339622641509,174.2322097378277
51,0.2,400,321,39,282,1,221,282,23.364102564101962,0.19999999999986995,74.39999999999964,342.1794871794872,176.58156028368793
51,0.2,425,321,35,286,1,221,286,20.834285714285063,0.1999999999995431,69.39999999999957,372.2857142857143,178.3986013986014
51,0.2,450,321,32,289,0,221,289,18.474999999999316,4.399999999999545,64.3999999999995,401.0625,180.0484429065744
51,0.2,475,321,28,293,0,221,293,15.421428571427878,2.999999999999188,59.39999999999942,419.07142857142856,184.06484641638227
51,0.2,500,321,20,301,0,221,301,14.789999999999324,1.3999999999991877,54.39999999999935,438.7,191.26910299003322
42,0.4,25,125,123,2,164,25,2,73.73658536585357,0.7999999999999007,99.6,22.357723577235774,25
42,0.4,50,150,144,6,137,50,6,56.20138888888877,10.400000000000045,99.19999999999999,41.145833333333336,31.833333333333332
42,0.4,75,175,168,7,107,75,7,42.36071428571415,1.6000000000000396,99.6,58.035714285714285,36.42857142857143
42,0.4,100,200,157,43,86,100,43,37.01146496815273,3.963496197911809e-14,99.6,69.86624203821655,76.97674418604652
42,0.4,125,225,151,74,74,125,74,29.93907284768199,3.963496197911809e-14,99.19999999999999,80.29801324503312,80.79729729729729
42,0.4,150,242,139,103,59,142,103,24.661870503596994,3.963496197911809e-14,86.79999999999981,93.93525179856115,84.83495145631068
42,0.4,175,248,108,140,49,148,140,21.981481481481378,3.963496197911809e-14,76.79999999999967,110.82407407407408,93.62857142857143
42,0.4,200,252,76,176,40,152,176,22.278947368420912,0.40000000000003966,69.99999999999949,141.9078947368421,94.23863636363636
42,0.4,225,254,61,193,34,154,193,19.39672131147524,5.384581669432009e-14,59.999999999999424,176.7377049180328,94.58031088082902
42,0.4,250,255,37,218,30,155,218,19.627027027026905,0.20000000000012075,49.99999999999946,180.51351351351352,108.97247706422019
42,0.4,275,257,29,228,25,157,228,18.048275862068813,2.0000000000001,50.199999999999406,209.82758620689654,110.41666666666667
42,0.4,300,257,17,240,23,157,240,19.388235294117457,4.999999999999297,40.19999999999944,232.8235294117647,116.325
42,0.4,325,257,14,243,22,157,243,13.971428571428396,0.40000000000003966,37.200000000000266,260.7142857142857,117.80246913580247
42,0.4,350,257,8,249,22,157,249,11.59999999999974,4.200000000000102,27.2000000000003,323,120.29317269076306
42,0.4,375,257,3,254,21,157,254,16.46666666666661,10.199999999999521,21.999999999999982,344,124.71259842519684
42,0.4,400,257,3,254,21,157,254,6.466666666666617,0.19999999999951668,12.0,369,124.71259842519684
42,0.4,425,257,1,256,21,157,256,1.9999999999999938,1.9999999999999938,1.9999999999999938,425,126.578125
42,0.4,450,257,0,257,21,157,257,,,,,127.75875486381322
42,0.4,475,257,0,257,21,157,257,,,,,127.75875486381322
42,0.4,500,257,0,257,21,157,257,,,,,127.75875486381322
43,0.4,25,125,120,5,159,25,5,76.08166666666658,20.400000000000034,99.6,22.291666666666668,25
43,0.4,50,150,143,7,134,50,7,57.292307692307574,2.0000000000000395,99.6,41.08391608391609,32
43,0.4,75,175,165,10,107,75,10,43.904242424242284,0.40000000000003966,99.19999999999999,57.75757575757576,41.1
43,0.4,100,200,163,37,85,100,37,36.94723926380354,0.3999999999999033,97.19999999999996,70.28834355828221,72.70270270270271
43,0.4,125,225,160,65,63,125,65,30.344999999999867,0.40000000000003966,96.79999999999995,81.99375,78.2
43,0.4,150,249,158,91,52,149,91,22.16202531645557,3.963496197911809e-14,81.19999999999973,92.5632911392405,83.81318681318682
43,0.4,175,258,118,140,36,158,140,20.935593220338877,3.963496197911809e-14,96.19999999999959,105.77118644067797,95.55714285714286
43,0.4,200,263,84,179,23,163,179,21.278571428571286,3.963496197911809e-14,86.19999999999945,131.71428571428572,96.86033519553072
43,0.4,225,266,60,206,17,166,206,20.45666666666646,1.9595436384634013e-13,76.1999999999993,172.08333333333334,96.48543689320388
43,0.4,250,268,37,231,10,168,231,23.37837837837818,1.3200551762793111e-13,79.19999999999922,180.13513513513513,107.73593073593074
43,0.4,275,268,25,243,9,168,243,23.92799999999974,4.399999999999654,69.19999999999908,220.8,110.16460905349794
43,0.4,300,269,20,249,8,169,249,19.239999999999693,0.6000000000000781,59.19999999999903,248.4,112.13253012048193
43,0.4,325,269,12,257,8,169,257,19.633333333332978,4.200000000000205,49.199999999999065,299.9166666666667,115.43968871595331
43,0.4,350,269,10,259,8,169,259,12.579999999999623,0.8000000000000823,39.1999999999991,322.2,117.06563706563706
43,0.4,375,269,4,265,7,169,265,19.399999999999572,0.19999999999975115,54.199999999999136,375,121.61132075471698
43,0.4,400,269,2,267,7,169,267,25.199999999999235,6.199999999999298,44.19999999999917,400,123.58052434456928
43,0.4,425,269,1,268,7,169,268,34.19999999999921,34.19999999999921,34.19999999999921,425,124.67164179104478
43,0.4,450,269,1,268,7,169,268,24.199999999999243,24.199999999999243,24.199999999999243,450,124.67164179104478
43,0.4,475,269,1,268,7,169,268,14.19999999999927,14.19999999999927,14.19999999999927,475,124.67164179104478
43,0.4,500,269,1,268,7,169,268,4.19999999999926,4.19999999999926,4.19999999999926,500,124.67164179104478
44,0.4,25,125,123,2,170,25,2,73.70569105691048,20.400000000000034,99.19999999999999,22.357723577235774,25
44,0.4,50,150,148,2,137,50,2,55.61216216216205,10.400000000000045,98.79999999999998,41.38513513513514,25
44,0.4,75,175,172,3,112,75,3,41.21279069767429,0.40000000000003966,98.39999999999998,58.43023255813954,39.333333333333336
44,0.4,100,200,157,43,92,100,43,37.16687898089158,4.107825191113079e-15,96.39999999999995,69.4140127388535,83.20930232558139
44,0.4,125,225,157,68,74,125,68,30.099363057324705,0.40000000000003966,95.59999999999994,80.57961783439491,83.70588235294117
44,0.4,150,250,154,96,61,150,96,22.681818181818063,0.40000000000003966,68.19999999999919,91.62337662337663,84.875
44,0.4,175,259,117,142,45,159,142,21.19487179487171,3.963496197911809e-14,68.79999999999977,103.07692307692308,96.88028169014085
44,0.4,200,264,85,179,34,164,179,20.562352941176357,3.963496197911809e-14,58.79999999999973,128.95294117647057,97.22905027932961
44,0.4,225,265,54,211,29,165,211,21.892592592592436,3.963496197911809e-14,50.0,170.40740740740742,99.11848341232228
44,0.4,250,265,40,225,23,165,225,20.859999999999847,1.2000000000000397,56.79999999999993,203.625,103.21777777777778
44,0.4,275,265,30,235,21,165,235,17.739999999999846,0.8000000000001107,54.600000000000115,237.8,106.89787234042554
44,0.4,300,267,22,245,17,167,245,16.954545454545332,2.200000000000021,68.79999999999981,247.1818181818182,112.12244897959184
44,0.4,325,268,11,257,15,168,257,22.69090909090911,10.000000000000115,53.79999999999983,224.9090909090909,120.12451361867704
44,0.4,350,268,11,257,11,168,257,21.781818181818206,1.1068923555512811e-13,68.79999999999976,249.9090909090909,120.12451361867704
44,0.4,375,270,10,260,8,170,260,20.980000000000018,0.5999999999998933,53.79999999999973,222.4,121.77692307692308
44,0.4,400,270,6,264,7,170,264,26.100000000000016,8.200000000000088,43.79999999999976,223.83333333333334,124.02272727272727
44,0.4,425,270,5,265,7,170,265,19.68000000000002,3.600000000000039,33.7999999999998,270.2,124.0754716981132
44,0.4,450,271,5,266,3,171,266,30.080000000000037,18.60000000000049,50.600000000000016,279.2,123.89473684210526
44,0.4,475,271,5,266,3,171,266,20.08000000000006,8.600000000000493,40.60000000000005,304.2,123.89473684210526
44,0.4,500,271,3,268,3,171,268,17.26666666666671,3.79999999999985,30.600000000000087,235,126.47014925373135
45,0.4,25,125,121,4,162,25,4,75.35537190082636,6.799999999999972,99.6,22.31404958677686,21.5
45,0.4,50,150,144,6,132,50,6,57.4597222222221,1.1999999999999602,99.6,41.145833333333336,27
45,0.4,75,175,165,10,109,75,10,43.69696969696955,0.8000000000000397,97.99999999999997,57.72727272727273,41.7
45,0.4,100,200,160,40,87,100,40,37.48874999999985,3.963496197911809e-14,99.6,70.26875,72.2
45,0.4,125,225,161,64,72,125,64,29.46211180124209,3.963496197911809e-14,97.99999999999997,82.78260869565217,75.109375
45,0.4,150,250,156,94,58,150,94,22.253846153846016,3.963496197911809e-14,78.3999999999997,92.77564102564102,81.51063829787235
45,0.4,175,255,112,143,49,155,143,20.578571428571312,3.963496197911809e-14,79.999999999999,107.84821428571429,94.83916083916084
45,0.4,200,257,81,176,44,157,176,17.940740740740623,3.963496197911809e-14,62.59999999999988,137.20987654320987,96.48863636363636
45,0.4,225,260,60,200,36,160,200,16.15333333333318,0.40000000000003966,52.599999999999916,176.08333333333334,96.305
45,0.4,250,262,33,229,31,162,229,16.48484848484837,3.963496197911809e-14,50.800000000000075,173.42424242424244,111.30131004366812
45,0.4,275,262,20,242,27,162,242,19.359999999999893,0.8000000000000823,57.59999999999999,204.15,114.78099173553719
45,0.4,300,265,15,250,24,165,250,18.73333333333325,2.3999999999996544,47.60000000000002,183.8,118.244
45,0.4,325,265,9,256,22,165,256,23.822222222222216,5.200000000000005,45.80000000000018,183.88888888888889,120.9296875
45,0.4,350,266,8,258,21,166,258,19.275000000000055,8.000000000000043,35.80000000000022,184,121.53100775193798
45,0.4,375,266,5,261,21,166,261,15.560000000000134,0.6000000000000675,25.800000000000253,227.6,122.15325670498085
45,0.4,400,266,4,262,20,166,262,15.550000000000157,5.400000000000171,40.80000000000029,269.25,122.30916030534351
45,0.4,425,266,1,265,20,166,265,30.800000000000324,30.800000000000324,30.800000000000324,248,124.35849056603773
45,0.4,450,266,1,265,20,166,265,20.80000000000036,20.80000000000036,20.80000000000036,273,124.35849056603773
45,0.4,475,266,1,265,18,166,265,60.80000000000038,60.80000000000038,60.80000000000038,298,124.35849056603773
45,0.4,500,266,1,265,17,166,265,75.8000000000004,75.8000000000004,75.8000000000004,323,124.35849056603773
46,0.4,25,125,122,3,161,25,3,74.76229508196712,20.400000000000034,99.6,22.33606557377049,25
46,0.4,50,150,147,3,134,50,3,55.71972789115635,6.600000000000053,99.19999999999999,41.326530612244895,25
46,0.4,75,175,170,5,110,75,5,41.65176470588223,0.40000000000003966,99.6,58.258823529411764,42
46,0.4,100,200,166,34,92,100,34,34.660240963855294,3.963496197911809e-14,96.39999999999995,71.12048192771084,77.3529411764706
46,0.4,125,225,165,60,78,125,60,26.933333333333216,3.963496197911809e-14,86.99999999999946,84.12121212121212,78.33333333333333
46,0.4,150,246,157,89,66,146,89,19.954140127388428,3.963496197911809e-14,71.99999999999949,97.76433121019109,81.80898876404494
46,0.4,175,253,118,135,50,153,135,17.608474576271103,4.107825191113079e-15,61.99999999999939,112.59322033898304,96.33333333333333
46,0.4,200,253,81,172,41,153,172,16.73580246913572,3.963496197911809e-14,69.99999999999926,136.85185185185185,102.34302325581395
46,0.4,225,256,52,204,30,156,204,19.069230769230643,3.963496197911809e-14,66.99999999999933,174.34615384615384,104.1421568627451
46,0.4,250,257,28,229,25,157,229,23.485714285714234,0.6000000000001279,74.99999999999972,188.75,114.33187772925764
46,0.4,275,257,19,238,22,157,238,26.021052631578875,1.0000000000000995,64.99999999999957,201.94736842105263,118.61344537815125
46,0.4,300,257,15,242,20,157,242,25.159999999999894,3.963496197911809e-14,54.999999999999595,242.8,119.19421487603306
46,0.4,325,257,12,245,17,157,245,27.249999999999925,10.0000000000002,44.99999999999963,291.0833333333333,119.63265306122449
46,0.4,350,257,12,245,16,157,245,19.33333333333328,1.9595436384634013e-13,40.40000000000018,316.0833333333333,119.63265306122449
46,0.4,375,257,8,249,15,157,249,19.174999999999997,1.9999999999994769,30.40000000000022,344,122.93975903614458
46,0.4,400,257,6,251,14,157,251,18.76666666666675,10.80000000000033,33.59999999999992,379,124.5219123505976
46,0.4,425,257,6,251,13,157,251,12.933333333333428,0.8000000000003239,33.20000000000012,404,124.5219123505976
46,0.4,450,257,3,254,13,157,254,12.400000000000132,0.4000000000002599,23.200000000000152,408,128.1811023622047
46,0.4,475,257,2,255,13,157,255,8.400000000000075,3.599999999999974,13.200000000000175,475,128.95686274509805
46,0.4,500,257,1,256,12,157,256,28.200000000000202,28.200000000000202,28.200000000000202,500,130.34375
47,0.4,25,125,123,2,172,25,2,73.58861788617877,20.400000000000034,99.6,22.357723577235774,25
47,0.4,50,150,148,2,135,50,2,55.663513513513415,7.000000000000044,99.19999999999999,41.38513513513514,25
47,0.4,75,175,171,4,113,75,4,41.306432748537894,0.40000000000003966,96.79999999999995,58.36257309941521,46.5
47,0.4,100,200,160,40,91,100,40,36.111249999999885,4.107825191113079e-15,99.19999999999999,70.03125,83
47,0.4,125,225,157,68,78,125,68,28.736305732483956,3.963496197911809e-14,94.79999999999993,81.75796178343948,82.80882352941177
47,0.4,150,241,143,98,65,141,98,23.05314685314674,3.963496197911809e-14,85.39999999999944,98.55244755244755,84.16326530612245
47,0.4,175,248,112,136,48,148,136,21.278571428571336,8.22675261247241e-14,91.99999999999989,117.07142857142857,92.47058823529412
47,0.4,200,252,79,173,35,152,173,22.298734177215056,3.963496197911809e-14,86.59999999999991,147.20253164556962,95.10404624277457
47,0.4,225,257,64,193,23,157,193,21.524999999999867,0.8000000000000256,76.59999999999977,171.546875,97.5440414507772
47,0.4,250,259,44,215,17,159,215,21.272727272727206,2.0000000000000395,71.59999999999985,180.6590909090909,108.56279069767442
47,0.4,275,260,31,229,13,160,229,20.954838709677354,0.6000000000001847,61.59999999999976,201.8709677419355,113.56768558951966
47,0.4,300,261,20,241,9,161,241,25.10999999999996,2.1727064591914313e-13,66.59999999999954,226.95,117.6390041493776
47,0.4,325,261,14,247,7,161,247,27.885714285714215,0.5999999999999999,80.19999999999997,255.21428571428572,120.35222672064778
47,0.4,350,261,11,250,6,161,250,27.109090909090842,2.3148150063434514e-13,70.19999999999983,268.27272727272725,122.576
47,0.4,375,261,7,254,5,161,254,34.14285714285703,9.000000000000131,61.99999999999968,316,124.39370078740157
47,0.4,400,261,6,255,5,161,255,28.3333333333332,1.0000000000003766,51.999999999999716,374.5,124.44705882352942
47,0.4,425,261,4,257,5,161,257,31.349999999999785,16.599999999999675,41.99999999999975,390.5,126.57976653696498
47,0.4,450,261,4,257,5,161,257,21.34999999999981,6.5999999999996675,31.999999999999787,415.5,126.57976653696498
47,0.4,475,261,3,258,5,161,258,16.266666666666545,6.599999999999909,21.999999999999822,429,127.89922480620154
47,0.4,500,261,2,259,5,161,259,11.099999999999875,10.199999999999912,11.999999999999838,431,129.3050193050193
48,0.4,25,125,121,4,173,25,4,75.20330578512387,20.400000000000034,99.6,22.31404958677686,25
48,0.4,50,150,145,5,144,50,5,56.398620689655054,1.99999999999996,99.6,41.206896551724135,28.8
48,0.4,75,175,168,7,120,75,7,41.88571428571416,0.40000000000003966,98.39999999999998,58.035714285714285,36.714285714285715
48,0.4,100,200,161,39,93,100,39,36.81614906832285,1.8318679906315083e-14,97.19999999999996,70.1863354037267,76.94871794871794
48,0.4,125,225,162,63,80,125,63,28.28765432098753,3.963496197911809e-14,99.19999999999999,82.74074074074075,78.68253968253968
48,0.4,150,246,153,93,60,146,93,22.711111111110995,3.963496197911809e-14,89.19999999999985,95.6797385620915,82.90322580645162
48,0.4,175,257,113,144,41,157,144,22.153982300884866,1.1213252548714081e-14,80.59999999999994,104.84070796460178,97.97916666666667
48,0.4,200,261,81,180,29,161,180,23.096296296296178,3.963496197911809e-14,70.5999999999998,128.5185185185185,99.47222222222223
48,0.4,225,262,58,204,23,162,204,23.234482758620523,0.8000000000000397,85.5999999999997,169.1551724137931,99.06372549019608
48,0.4,250,264,37,227,19,164,227,25.513513513513367,3.963496197911809e-14,75.59999999999955,189,107.0352422907489
48,0.4,275,265,29,236,16,165,236,23.551724137930872,0.20000000000004436,65.59999999999941,213.79310344827587,109.89830508474576
48,0.4,300,265,23,242,13,165,242,21.347826086956374,2.4569235534954714e-13,66.5999999999998,244.82608695652175,112.2892561983471
48,0.4,325,265,14,251,9,165,251,28.314285714285514,8.22675261247241e-14,85.59999999999934,279.07142857142856,117.09561752988049
48,0.4,350,265,10,255,8,165,255,30.119999999999795,2.000000000000217,75.5999999999992,285.7,120.56470588235294
48,0.4,375,266,8,258,6,166,258,32.874999999999815,9.000000000000082,65.59999999999906,267.125,122.81395348837209
48,0.4,400,266,7,259,6,166,259,26.285714285714093,1.1068923555512811e-13,55.59999999999907,313.85714285714283,122.87258687258688
48,0.4,425,266,6,260,6,166,260,20.666666666666448,9.200000000000271,45.599999999999106,324.5,123.9423076923077
48,0.4,450,266,5,261,5,166,261,17.95999999999969,3.963496197911809e-14,45.59999999999964,369,124.42911877394636
48,0.4,475,266,2,264,5,166,264,30.599999999999426,25.599999999999177,35.599999999999675,460,126.79545454545455
48,0.4,500,266,2,264,5,166,264,20.59999999999946,15.59999999999921,25.59999999999971,485,126.79545454545455
49,0.4,25,125,121,4,158,25,4,75.08429752066107,20.400000000000034,99.6,22.31404958677686,25
49,0.4,50,150,146,4,123,50,4,56.96575342465742,0.39999999999992375,99.6,41.26712328767123,25
49,0.4,75,175,168,7,99,75,7,43.0535714285713,0.40000000000003966,98.39999999999998,58.035714285714285,38.285714285714285
49,0.4,100,200,164,36,76,100,36,36.48902439024377,2.5424107263916085e-14,99.19999999999999,70.48780487804878,75.11111111111111
49,0.4,125,225,163,62,54,125,62,29.731288343558152,3.963496197911809e-14,95.99999999999994,82.48466257668711,78.70967741935483
49,0.4,150,250,159,91,45,150,91,21.479245283018745,3.963496197911809e-14,81.19999999999973,92.67295597484276,84.37362637362638
49,0.4,175,258,111,147,37,158,147,19.538738738738644,1.2000000000000397,71.19999999999959,102.54954954954955,99.83673469387755
49,0.4,200,262,86,176,29,162,176,15.967441860465017,3.963496197911809e-14,61.199999999999505,126.82558139534883,100.35227272727273
49,0.4,225,265,53,212,23,165,212,16.079245283018707,0.20000000000012785,54.000000000000085,161.49056603773585,102.42924528301887
49,0.4,250,265,26,239,23,165,239,15.423076923076774,0.600000000000135,44.00000000000012,188.92307692307693,110.88702928870293
49,0.4,275,267,16,251,20,167,251,16.94999999999983,3.600000000000039,42.80000000000017,181.5625,115.64143426294821
49,0.4,300,267,9,258,19,167,258,18.044444444444256,4.999999999999297,41.20000000000016,223,117.29457364341086
49,0.4,325,267,6,261,19,167,261,14.566666666666729,3.600000000000039,31.200000000000195,209.5,119.544061302682
49,0.4,350,267,4,263,17,167,263,21.200000000000053,1.1999999999996547,46.20000000000023,281.5,119.63878326996198
49,0.4,375,268,4,264,15,168,264,25.200000000000156,2.8000000000002525,39.600000000000094,214.5,120.52272727272727
49,0.4,400,268,3,265,15,168,265,22.666666666666824,17.200000000000045,29.60000000000013,186,121.51320754716981
49,0.4,425,268,3,265,14,168,265,21.00000000000018,11.200000000000315,32.20000000000006,211,121.51320754716981
49,0.4,450,269,4,265,13,169,265,12.400000000000151,1.2000000000003097,21.60000000000003,182.25,121.51320754716981
49,0.4,475,269,2,267,13,169,267,9.40000000000007,7.200000000000092,11.600000000000046,76.5,123.0561797752809
49,0.4,500,269,1,268,13,169,268,1.6000000000000396,1.6000000000000396,1.6000000000000396,71,123.06716417910448
50,0.4,25,125,121,4,178,25,4,74.50578512396685,20.400000000000034,99.6,22.31404958677686,25
50,0.4,50,150,145,5,142,50,5,56.73655172413782,10.400000000000045,99.19999999999999,41.206896551724135,30
50,0.4,75,175,169,6,111,75,6,42.87455621301763,1.2000000000000397,98.79999999999998,58.13609467455621,37.5
50,0.4,100,200,165,35,91,100,35,36.30303030303018,3.963496197911809e-14,97.99999999999997,70.61818181818182,78.42857142857143
50,0.4,125,225,164,61,70,125,61,29.55731707317061,3.963496197911809e-14,99.6,83.57926829268293,79.09836065573771
50,0.4,150,250,157,93,53,150,93,23.259872611464843,3.963496197911809e-14,89.99999999999915,93.07643312101911,85.33333333333333
50,0.4,175,258,117,141,38,158,141,21.883760683760606,3.963496197911809e-14,81.19999999999902,102.6068376068376,100.80851063829788
50,0.4,200,265,93,172,24,165,172,19.995698924731105,3.0753177782116836e-14,84.19999999999985,125.86021505376344,99.76744186046511
50,0.4,225,267,64,203,20,167,203,18.2718749999999,0.40000000000003966,77.39999999999984,163.734375,100.33004926108374
50,0.4,250,268,37,231,16,168,231,19.329729729729706,1.2000000000000397,67.3999999999997,175.8108108108108,111.41558441558442
50,0.4,275,269,30,239,14,169,239,14.206666666666626,0.6000000000003055,82.39999999999964,210.8,112.01673640167364
50,0.4,300,269,15,254,11,169,254,17.759999999999916,0.6000000000000639,72.3999999999995,211.6,120.14960629921259
50,0.4,325,270,7,263,9,170,263,30.971428571428557,1.2000000000002102,65.79999999999993,173.71428571428572,124.4448669201521
50,0.4,350,270,6,264,8,170,264,29.26666666666666,14.200000000000186,55.79999999999993,207.33333333333334,124.49621212121212
50,0.4,375,270,6,264,7,170,264,23.433333333333344,6.2000000000002355,45.79999999999997,232.33333333333334,124.49621212121212
50,0.4,400,270,3,267,7,170,267,29.13333333333325,19.20000000000026,35.800000000000004,334,125.07116104868913
50,0.4,425,270,3,267,7,170,267,19.133333333333276,9.200000000000264,25.80000000000004,359,125.07116104868913
50,0.4,450,270,2,268,7,170,268,14.09999999999981,12.399999999999547,15.800000000000074,450,125.5410447761194
50,0.4,475,270,2,268,7,170,268,4.0999999999998025,2.3999999999995407,5.800000000000065,475,125.5410447761194
50,0.4,500,270,0,270,7,170,270,,,,,128.2074074074074
51,0.4,25,125,121,4,170,25,4,75.21818181818172,5.1999999999999496,99.6,22.31404958677686,25
51,0.4,50,150,145,5,152,50,5,55.673103448275725,10.800000000000045,99.19999999999999,41.206896551724135,27.6
51,0.4,75,175,169,6,122,75,6,42.294674556212875,1.2000000000000397,97.59999999999997,58.142011834319526,33.5
51,0.4,100,200,160,40,98,100,40,37.26624999999985,0.40000000000003966,93.59999999999991,69.83125,79.8
51,0.4,125,225,161,64,82,125,64,29.436024844720357,0.40000000000003966,97.59999999999997,82.28571428571429,80
51,0.4,150,249,159,90,64,149,90,22.489308176100494,3.963496197911809e-14,91.39999999999952,94.57232704402516,82.06666666666666
51,0.4,175,257,117,140,47,157,140,21.945299145299042,3.963496197911809e-14,79.99999999999932,104.63247863247864,98.30714285714286
51,0.4,200,263,92,171,32,163,171,20.621739130434662,3.963496197911809e-14,74.39999999999954,127.08695652173913,99.13450292397661
51,0.4,225,263,66,197,24,163,197,20.136363636363466,3.963496197911809e-14,64.3999999999994,165.53030303030303,99.80203045685279
51,0.4,250,265,42,223,16,165,223,22.347619047618892,1.2000000000000397,58.5999999999996,182.33333333333334,109.48430493273543
51,0.4,275,267,33,234,11,167,234,20.91515151515132,1.8000000000000673,69.39999999999935,219.21212121212122,110.17521367521367
51,0.4,300,267,26,241,9,167,241,16.599999999999806,1.6000000000000396,59.399999999999295,229.19230769230768,115.47302904564316
51,0.4,325,267,16,251,8,167,251,15.874999999999842,0.8000000000001498,49.39999999999933,253.3125,120.50996015936255
51,0.4,350,267,9,258,7,167,258,17.377777777777514,1.8000000000002556,64.39999999999932,326.55555555555554,122.77131782945736
51,0.4,375,267,4,263,6,167,263,26.39999999999965,2.5999999999997367,79.3999999999993,375,126.63498098859316
51,0.4,400,268,3,265,5,168,265,32.333333333332995,4.999999999999815,64.39999999999915,268.6666666666667,128.6188679245283
51,0.4,425,268,2,266,4,168,266,48.499999999999616,42.600000000000044,54.39999999999919,228,129.68796992481202
51,0.4,450,268,2,266,4,168,266,38.49999999999965,32.60000000000008,44.399999999999224,253,129.68796992481202
51,0.4,475,268,2,266,4,168,266,28.499999999999687,22.600000000000115,34.39999999999926,278,129.68796992481202
51,0.4,500,268,2,266,4,168,266,18.499999999999716,12.600000000000135,24.399999999999295,303,129.68796992481202
42,0.6,25,125,123,2,164,25,2,69.94796747967489,15.599999999999968,99.4,22.357723577235774,17
42,0.6,50,150,147,3,136,50,3,48.38231292517019,0.599999999999974,98.20000000000002,41.326530612244895,22.666666666666668
42,0.6,75,175,137,38,106,75,38,40.73576642335779,0.40000000000007774,99.4,56.02919708029197,55.13157894736842
42,0.6,100,200,133,67,85,100,67,30.392481203007655,0.599999999999974,93.00000000000054,70.58646616541354,56.25373134328358
42,0.6,125,221,105,116,75,121,116,23.3657142857144,0.599999999999974,95.20000000000005,78.74285714285715,68.60344827586206
42,0.6,150,227,77,150,57,127,150,19.54805194805208,0.599999999999974,80.20000000000019,105.54545454545455,69.56666666666666
42,0.6,175,230,37,193,49,130,193,22.227027027027145,1.000000000000234,65.20000000000033,129.2972972972973,79.06735751295336
42,0.6,200,231,27,204,44,131,204,17.585185185185345,0.40000000000023406,63.00000000000044,162.25925925925927,80.65686274509804
42,0.6,225,232,16,216,40,132,216,17.712500000000126,2.9999999999999742,43.00000000000041,182.875,85.18518518518519
42,0.6,250,233,13,220,36,133,220,13.092307692307841,1.3744561044859438e-13,28.60000000000025,202.69230769230768,86.58181818181818
42,0.6,275,234,7,227,35,134,227,10.285714285714379,2.799999999999969,22.19999999999998,182.42857142857142,90.8237885462555
42,0.6,300,234,2,232,34,134,232,15.100000000000147,7.199999999999973,23.00000000000032,169,93.40086206896552
42,0.6,325,234,1,233,33,134,233,33.000000000000284,33.000000000000284,33.000000000000284,325,93.21459227467811
42,0.6,350,234,1,233,33,134,233,18.00000000000025,18.00000000000025,18.00000000000025,350,93.21459227467811
42,0.6,375,234,1,233,33,134,233,3.0000000000002514,3.0000000000002514,3.0000000000002514,375,93.21459227467811
42,0.6,400,234,0,234,33,134,234,,,,,94.44444444444444
42,0.6,425,234,0,234,33,134,234,,,,,94.44444444444444
42,0.6,450,234,0,234,33,134,234,,,,,94.44444444444444
42,0.6,475,234,0,234,33,134,234,,,,,94.44444444444444
42,0.6,500,234,0,234,33,134,234,,,,,94.44444444444444
43,0.6,25,125,122,3,159,25,3,71.48196721311484,15.599999999999968,99.4,22.33606557377049,17
43,0.6,50,150,147,3,134,50,3,49.10340136054434,0.599999999999974,99.4,41.326530612244895,17
43,0.6,75,175,141,34,108,75,34,39.693617021276744,0.4000000000002749,97.60000000000002,56.6241134751773,52.411764705882355
43,0.6,100,200,142,58,83,100,58,28.901408450704377,0.39999999999991576,90.00000000000057,71.30985915492958,54.46551724137931
43,0.6,125,223,113,110,66,123,110,22.594690265486857,1.199999999999974,86.00000000000037,80.12389380530973,68.24545454545455
43,0.6,150,228,82,146,55,128,146,16.300000000000153,5.708766792622555e-13,85.00000000000028,105.35365853658537,71.32876712328768
43,0.6,175,232,34,198,40,132,198,23.664705882353108,0.7999999999999253,70.00000000000081,125.41176470588235,82.34848484848484
43,0.6,200,234,25,209,36,134,209,18.71200000000021,0.39999999999995484,55.000000000000846,151,83.85645933014354
43,0.6,225,235,12,223,35,135,223,19.93333333333355,0.9999999999999832,40.00000000000081,165,88.56502242152466
43,0.6,250,236,8,228,32,136,228,19.950000000000298,2.369215934550084e-13,42.60000000000017,221.375,88.67543859649123
43,0.6,275,236,5,231,32,136,231,12.00000000000033,2.399999999999974,27.600000000000136,229.2,90.95670995670996
43,0.6,300,236,2,234,31,136,234,16.30000000000024,12.600000000000112,20.000000000000362,300,92.5
43,0.6,325,236,1,235,31,136,235,5.000000000000361,5.000000000000361,5.000000000000361,325,93.47659574468085
43,0.6,350,236,1,235,30,136,235,15.000000000000338,15.000000000000338,15.000000000000338,350,93.47659574468085
43,0.6,375,236,1,235,30,136,235,3.4350300381902343e-13,3.4350300381902343e-13,3.4350300381902343e-13,375,93.47659574468085
43,0.6,400,236,0,236,30,136,236,,,,,94.67372881355932
43,0.6,425,236,0,236,30,136,236,,,,,94.67372881355932
43,0.6,450,236,0,236,30,136,236,,,,,94.67372881355932
43,0.6,475,236,0,236,30,136,236,,,,,94.67372881355932
43,0.6,500,236,0,236,30,136,236,,,,,94.67372881355932
44,0.6,25,125,122,3,171,25,3,69.81967213114763,15.599999999999968,98.80000000000001,22.33606557377049,17
44,0.6,50,150,145,5,139,50,5,49.24551724137943,0.599999999999974,98.20000000000002,41.206896551724135,25
44,0.6,75,175,134,41,112,75,41,41.7343283582091,0.599999999999974,99.4,55.917910447761194,53
44,0.6,100,200,138,62,91,100,62,29.36811594202912,4.3298697960381105e-14,93.40000000000006,70.78260869565217,53.29032258064516
44,0.6,125,221,108,113,74,121,113,23.946296296296403,0.599999999999974,75.00000000000063,79.87962962962963,67.24778761061947
44,0.6,150,223,78,145,63,123,145,18.25384615384628,0.40000000000000135,60.00000000000072,112.56410256410257,67.90344827586208
44,0.6,175,226,39,187,54,126,187,20.543589743589866,0.39999999999991576,68.20000000000022,141.51282051282053,77.70588235294117
44,0.6,200,228,27,201,46,128,201,20.414814814814942,3.079758670310184e-13,75.00000000000009,158.25925925925927,82.24378109452736
44,0.6,225,229,15,214,43,129,214,21.546666666666763,0.599999999999974,55.00000000000012,178.8,87.07009345794393
44,0.6,250,229,10,219,38,129,219,27.020000000000124,1.5165646516379638e-13,69.4000000000002,228.3,88.2648401826484
44,0.6,275,229,7,222,38,129,222,22.85714285714304,5.000000000000069,54.40000000000023,275,89.51801801801801
44,0.6,300,229,4,225,35,129,225,37.95000000000012,10.000000000000032,62.40000000000018,300,92.16888888888889
44,0.6,325,229,3,226,34,129,226,40.60000000000011,24.400000000000162,50.00000000000001,325,93.16371681415929
44,0.6,350,229,3,226,32,129,226,42.26666666666675,32.40000000000011,60.00000000000001,350,93.16371681415929
44,0.6,375,229,3,226,30,129,226,43.93333333333341,17.400000000000077,70.00000000000006,375,93.16371681415929
44,0.6,400,229,3,226,29,129,226,37.266666666666744,2.4000000000000807,55.00000000000009,400,93.16371681415929
44,0.6,425,229,2,227,29,129,227,39.70000000000004,39.40000000000002,40.00000000000006,425,94.53744493392071
44,0.6,450,229,2,227,28,129,227,37.2,24.399999999999984,50.00000000000002,450,94.53744493392071
44,0.6,475,229,2,227,27,129,227,34.69999999999997,34.39999999999995,34.999999999999986,475,94.53744493392071
44,0.6,500,229,2,227,27,129,227,19.699999999999932,19.399999999999913,19.99999999999995,500,94.53744493392071
45,0.6,25,125,122,3,161,25,3,70.74262295081977,16.199999999999967,99.4,22.33606557377049,17
45,0.6,50,150,146,4,130,50,4,49.317808219178204,1.199999999999974,98.20000000000002,41.26712328767123,23.25
45,0.6,75,175,137,38,108,75,38,40.62627737226292,0.4000000000001488,97.60000000000002,56.1021897810219,52.5
45,0.6,100,200,138,62,94,100,62,27.831884057971155,0.40000000000031755,94.60000000000005,70.32608695652173,55.096774193548384
45,0.6,125,221,105,116,73,121,116,23.51238095238106,0.599999999999974,75.00000000000028,77.26666666666667,70.29310344827586
45,0.6,150,227,80,147,59,127,147,17.705000000000126,0.39999999999996727,66.80000000000041,105.275,69.29251700680273
45,0.6,175,228,33,195,51,128,195,22.400000000000148,0.7999999999998987,70.00000000000045,132.6060606060606,80.54871794871795
45,0.6,200,229,20,209,48,129,209,21.400000000000187,1.7999999999998462,61.80000000000048,169.9,82.93301435406698
45,0.6,225,231,11,220,43,131,220,30.454545454545627,2.6000000000004673,71.80000000000058,151,88.35909090909091
45,0.6,250,231,9,222,37,131,222,37.24444444444454,11.599999999999923,81.80000000000072,159.55555555555554,89.7072072072072
45,0.6,275,232,10,222,34,132,222,26.38000000000008,6.99999999999995,66.80000000000086,168,89.7072072072072
45,0.6,300,233,9,224,28,133,224,30.355555555555608,0.59999999999964,76.80000000000095,156.22222222222223,91.17857142857143
45,0.6,325,233,6,227,27,133,227,33.63333333333351,11.59999999999986,61.80000000000106,170.83333333333334,92.36123348017621
45,0.6,350,234,6,228,23,134,228,34.666666666666885,3.1999999999998705,71.8000000000011,170.5,92.65350877192982
45,0.6,375,235,6,229,20,135,229,34.03333333333348,1.399999999999927,69.4,170,92.83406113537117
45,0.6,400,235,4,231,20,135,231,33.75000000000022,14.999999999999968,54.400000000000034,250.5,92.6103896103896
45,0.6,425,236,5,231,17,136,231,28.56000000000015,22.799999999999983,39.4,222.8,92.6103896103896
45,0.6,450,236,5,231,16,136,231,18.560000000000127,7.799999999999972,36.800000000001056,247.8,92.6103896103896
45,0.6,475,236,2,234,16,136,234,15.600000000000485,9.399999999999949,21.80000000000102,475,93.0982905982906
45,0.6,500,236,2,234,15,136,234,13.100000000000474,6.800000000001013,19.399999999999935,500,93.0982905982906
46,0.6,25,125,123,2,160,25,2,70.37235772357732,15.599999999999968,99.4,22.357723577235774,17
46,0.6,50,150,147,3,135,50,3,48.50612244897972,0.599999999999974,98.80000000000001,41.326530612244895,23.666666666666668
46,0.6,75,175,139,36,111,75,36,39.375539568345474,1.799999999999974,99.4,56.56115107913669,54.138888888888886
46,0.6,100,200,140,60,88,100,60,27.968571428571572,0.40000000000021985,90.00000000000057,71.42857142857143,55.766666666666666
46,0.6,125,214,103,111,77,114,111,22.145631067961286,0.4000000000003051,69.40000000000029,85.16504854368932,69.990990990991
46,0.6,150,217,73,144,69,117,144,15.873972602739883,5.928590951498336e-14,54.799999999999976,118.56164383561644,70.09722222222223
46,0.6,175,218,30,188,59,118,188,21.966666666666754,1.999999999999913,64.40000000000043,136.86666666666667,84.61702127659575
46,0.6,200,218,20,198,51,118,198,23.800000000000114,5.000000000000176,52.199999999999925,175.35,86.61111111111111
46,0.6,225,220,17,203,44,120,203,22.35294117647067,0.20000000000043872,59.40000000000036,181.2941176470588,88.8128078817734
46,0.6,250,220,12,208,39,120,208,24.85000000000003,4.0745185003743245e-13,69.40000000000045,190.33333333333334,92.1875
46,0.6,275,220,9,211,35,120,211,27.04444444444445,2.199999999999873,79.40000000000059,229.66666666666666,93.13270142180095
46,0.6,300,220,6,214,35,120,214,22.433333333333408,4.39999999999992,64.40000000000073,284.5,94.35981308411215
46,0.6,325,220,5,215,33,120,215,21.04000000000008,5.000000000000034,49.400000000000695,306.4,95.35348837209303
46,0.6,350,220,3,217,33,120,217,14.933333333333522,0.39999999999966707,34.40000000000066,347,97.2073732718894
46,0.6,375,220,1,219,33,120,219,19.400000000000624,19.400000000000624,19.400000000000624,375,99.55707762557077
46,0.6,400,220,1,219,32,120,219,29.40000000000059,29.40000000000059,29.40000000000059,400,99.55707762557077
46,0.6,425,220,1,219,31,120,219,39.40000000000055,39.40000000000055,39.40000000000055,425,99.55707762557077
46,0.6,450,220,1,219,31,120,219,24.400000000000517,24.400000000000517,24.400000000000517,450,99.55707762557077
46,0.6,475,220,1,219,31,120,219,9.400000000000501,9.400000000000501,9.400000000000501,475,99.55707762557077
46,0.6,500,220,0,220,31,120,220,,,,,101.33636363636364
47,0.6,25,125,124,1,172,25,1,68.7016129032259,15.599999999999968,99.4,22.379032258064516,17
47,0.6,50,150,149,1,135,50,1,48.5530201342283,0.599999999999974,99.4,41.442953020134226,17
47,0.6,75,175,142,33,114,75,33,38.774647887324065,0.599999999999974,94.60000000000005,56.514084507042256,56.21212121212121
47,0.6,100,200,143,57,88,100,57,27.89790209790221,0.39999999999991576,94.40000000000029,71.86013986013987,55.63157894736842
47,0.6,125,213,101,112,76,113,112,23.447524752475342,1.0000000000000564,79.40000000000043,85.75247524752476,71.32142857142857
47,0.6,150,218,78,140,62,118,140,17.1948717948719,0.3999999999999442,65.60000000000042,112.7948717948718,72.50714285714285
47,0.6,175,220,40,180,47,120,180,21.800000000000054,0.2000000000000266,75.60000000000053,124.975,85.38888888888889
47,0.6,200,224,30,194,37,124,194,20.5133333333334,1.800781745942004e-13,79.19999999999993,141.63333333333333,87.46907216494846
47,0.6,225,224,18,206,34,124,206,21.000000000000053,0.599999999999974,64.20000000000007,158.83333333333334,91.67961165048544
47,0.6,250,226,10,216,30,126,216,26.700000000000014,6.1999999999999265,66.40000000000003,160.8,94.84722222222223
47,0.6,275,226,6,220,27,126,220,35.00000000000011,11.99999999999997,76.40000000000005,196.33333333333334,96.08636363636364
47,0.6,300,226,5,221,26,126,221,29.60000000000014,0.6000000000005353,61.400000000000155,254.6,95.87782805429865
47,0.6,325,226,3,223,26,126,223,30.400000000000038,19.40000000000032,46.40000000000012,325,96.7847533632287
47,0.6,350,226,3,223,25,126,223,23.733333333333345,4.400000000000318,35.399999999999636,350,96.7847533632287
47,0.6,375,226,2,224,25,126,224,18.399999999999824,16.40000000000005,20.3999999999996,375,97.95089285714286
47,0.6,400,226,2,224,25,126,224,3.3999999999998263,1.400000000000055,5.399999999999597,400,97.95089285714286
47,0.6,425,226,0,226,25,126,226,,,,,100.67699115044248
47,0.6,450,226,0,226,25,126,226,,,,,100.67699115044248
47,0.6,475,226,0,226,25,126,226,,,,,100.67699115044248
47,0.6,500,226,0,226,25,126,226,,,,,100.67699115044248
48,0.6,25,125,121,4,173,25,4,70.9702479338844,15.599999999999968,99.4,22.31404958677686,17
48,0.6,50,150,145,5,145,50,5,49.07310344827599,0.599999999999974,97.60000000000002,41.206896551724135,20.6
48,0.6,75,175,137,38,120,75,38,40.27299270073007,0.599999999999974,97.60000000000002,56.63503649635037,50.18421052631579
48,0.6,100,200,135,65,94,100,65,30.179259259259393,0.599999999999974,95.80000000000004,70.68148148148148,54.55384615384615
48,0.6,125,220,112,108,81,120,108,21.941071428571526,0.39999999999991576,68.80000000000001,81.58928571428571,66.61111111111111
48,0.6,150,224,75,149,61,124,149,20.346666666666795,0.599999999999974,85.00000000000063,111.32,69.6510067114094
48,0.6,175,229,38,191,44,129,191,28.45263157894749,3.5999999999999743,70.00000000000077,132.28947368421052,79.37696335078535
48,0.6,200,232,32,200,35,132,200,24.256250000000104,0.599999999999974,60.000000000000306,147.6875,81.74
48,0.6,225,232,23,209,28,132,209,23.73043478260877,2.4424906541753444e-15,72.59999999999991,179.95652173913044,84.27751196172248
48,0.6,250,233,13,220,25,133,220,26.430769230769343,4.399999999999864,57.59999999999997,181.92307692307693,90.24545454545455
48,0.6,275,233,10,223,24,133,223,19.420000000000154,5.000000000000076,42.59999999999994,233.9,90.45739910313901
48,0.6,300,233,5,228,22,133,228,26.52000000000005,4.99999999999987,70.00000000000043,265,93.74561403508773
48,0.6,325,233,3,230,22,133,230,24.20000000000022,5.000000000000318,55.00000000000046,325,94.8913043478261
48,0.6,350,233,1,232,22,133,232,40.000000000000426,40.000000000000426,40.000000000000426,350,97.00431034482759
48,0.6,375,233,1,232,22,133,232,25.00000000000039,25.00000000000039,25.00000000000039,375,97.00431034482759
48,0.6,400,233,1,232,22,133,232,10.000000000000373,10.000000000000373,10.000000000000373,400,97.00431034482759
48,0.6,425,233,0,233,22,133,233,,,,,98.37768240343348
48,0.6,450,233,0,233,22,133,233,,,,,98.37768240343348
48,0.6,475,233,0,233,22,133,233,,,,,98.37768240343348
48,0.6,500,233,0,233,22,133,233,,,,,98.37768240343348
49,0.6,25,125,122,3,159,25,3,70.38360655737714,15.599999999999968,99.4,22.33606557377049,17
49,0.6,50,150,146,4,124,50,4,50.0178082191782,0.599999999999974,99.4,41.26712328767123,24
49,0.6,75,175,139,36,102,75,36,40.4172661870505,0.599999999999974,99.4,56.280575539568346,52.69444444444444
49,0.6,100,200,133,67,76,100,67,31.213533834586602,0.599999999999974,91.60000000000008,70.6842105263158,56.149253731343286
49,0.6,125,225,114,111,57,125,111,24.103508771929928,0.599999999999974,86.80000000000013,78.41228070175438,66.13513513513513
49,0.6,150,232,86,146,48,132,146,16.16976744186058,5.495603971894525e-13,56.80000000000004,102.4186046511628,69.16438356164383
49,0.6,175,234,37,197,38,134,197,17.929729729729853,0.599999999999974,45.00000000000018,126.48648648648648,80.55329949238579
49,0.6,200,234,26,208,34,134,208,11.700000000000104,0.9999999999999157,49.199999999999875,150.65384615384616,83.65865384615384
49,0.6,225,236,9,227,29,136,227,21.600000000000005,5.199999999999944,45.400000000000134,141.44444444444446,90.06607929515418
49,0.6,250,236,5,231,28,136,231,22.15999999999996,8.399999999999972,30.400000000000098,168.2,91.16883116883118
49,0.6,275,236,4,232,27,136,232,16.849999999999934,4.199999999999804,37.79999999999982,226.25,90.99137931034483
49,0.6,300,236,2,234,26,136,234,24.099999999999927,0.40000000000007063,47.799999999999784,256,92.2094017094017
49,0.6,325,236,1,235,26,136,235,32.79999999999975,32.79999999999975,32.79999999999975,237,93.09787234042552
49,0.6,350,236,1,235,25,136,235,42.79999999999971,42.79999999999971,42.79999999999971,262,93.09787234042552
49,0.6,375,236,1,235,25,136,235,27.799999999999677,27.799999999999677,27.799999999999677,287,93.09787234042552
49,0.6,400,237,2,235,23,137,235,28.999999999999815,25.19999999999999,32.79999999999964,160,93.09787234042552
49,0.6,425,237,2,235,23,137,235,13.999999999999789,10.19999999999997,17.799999999999606,185,93.09787234042552
49,0.6,450,237,1,236,23,137,236,2.7999999999996104,2.7999999999996104,2.7999999999996104,362,92.91525423728814
49,0.6,475,237,0,237,23,137,237,,,,,94.07172995780591
49,0.6,500,237,0,237,23,137,237,,,,,94.07172995780591
50,0.6,25,125,120,5,178,25,5,70.78666666666676,15.599999999999968,99.4,22.291666666666668,17
50,0.6,50,150,143,7,141,50,7,50.59020979020992,0.599999999999974,98.20000000000002,41.08391608391609,23.571428571428573
50,0.6,75,175,136,39,111,75,39,42.832352941176616,0.599999999999974,98.80000000000001,56.11029411764706,49
50,0.6,100,200,139,61,95,100,61,29.81870503597137,3.8613556796462944e-13,97.60000000000002,71.20863309352518,50.131147540983605
50,0.6,125,225,110,115,76,125,115,24.827272727272838,0.599999999999974,68.8000000000003,75.93636363636364,67.51304347826087
50,0.6,150,231,83,148,58,131,148,20.34939759036158,0.599999999999974,75.80000000000047,103.80722891566265,67.50675675675676
50,0.6,175,234,44,190,48,134,190,21.140909090909247,1.199999999999974,71.80000000000038,132.5681818181818,76.12631578947368
50,0.6,200,235,31,204,40,135,204,17.61935483870983,4.785061236134425e-13,81.80000000000052,152.83870967741936,81.06862745098039
50,0.6,225,236,15,221,31,136,221,31.146666666666796,0.7999999999999697,70.80000000000075,166.2,87.32126696832579
50,0.6,250,236,12,224,28,136,224,28.966666666666782,2.6000000000001404,80.80000000000084,188.41666666666666,88.64285714285714
50,0.6,275,236,9,227,27,136,227,24.400000000000144,4.999999999999842,65.80000000000098,235.55555555555554,89.22026431718062
50,0.6,300,236,6,230,25,136,230,25.76666666666681,0.9999999999998092,50.80000000000096,240.83333333333334,91.83043478260869
50,0.6,325,237,5,232,22,137,232,32.800000000000196,24.19999999999974,47.79999999999982,206.2,93.29741379310344
50,0.6,350,237,5,232,21,137,232,22.800000000000182,9.199999999999726,57.79999999999985,231.2,93.29741379310344
50,0.6,375,237,3,234,20,137,234,24.333333333333552,5.800000000000887,42.79999999999981,204.33333333333334,95.2948717948718
50,0.6,400,237,2,235,20,137,235,18.59999999999986,9.399999999999942,27.799999999999777,144,96.52765957446809
50,0.6,425,237,1,236,20,137,236,12.799999999999752,12.799999999999752,12.799999999999752,237,96.50847457627118
50,0.6,450,237,0,237,20,137,237,,,,,97.19409282700423
50,0.6,475,237,0,237,20,137,237,,,,,97.19409282700423
50,0.6,500,237,0,237,20,137,237,,,,,97.19409282700423
51,0.6,25,125,123,2,169,25,2,69.93170731707326,16.199999999999967,99.4,22.357723577235774,17
51,0.6,50,150,146,4,154,50,4,47.01780821917822,1.199999999999974,95.80000000000004,41.26712328767123,27.25
51,0.6,75,175,136,39,122,75,39,40.13823529411779,0.599999999999974,98.20000000000002,55.69117647058823,55.43589743589744
51,0.6,100,200,137,63,101,100,63,28.78248175182496,1.5999999999999548,83.20000000000016,70.62773722627738,54.904761904761905
51,0.6,125,216,104,112,87,116,112,22.782692307692425,0.599999999999974,75.0000000000006,81.75961538461539,70.09821428571429
51,0.6,150,220,72,148,75,120,148,18.65000000000016,4.927169783286445e-13,74.60000000000045,113.88888888888889,70.06756756756756
51,0.6,175,224,38,186,61,124,186,22.857894736842248,0.3999999999999868,84.60000000000059,125.13157894736842,81.71505376344086
51,0.6,200,226,31,195,48,126,195,22.483870967742103,2.262634524186069e-13,94.60000000000073,145.06451612903226,83.52820512820513
51,0.6,225,228,19,209,44,128,209,23.673684210526464,1.000000000000234,79.60000000000088,147.47368421052633,88.8468899521531
51,0.6,250,229,13,216,41,129,216,22.18461538461552,1.1612932837579137e-13,64.60000000000102,168.15384615384616,90.65277777777777
51,0.6,275,230,9,221,35,130,221,31.355555555555615,4.999999999999764,85.00000000000071,189.88888888888889,91.89140271493213
51,0.6,300,231,7,224,34,131,224,26.17142857142871,3.8000000000001974,70.00000000000085,207,92.75
51,0.6,325,232,4,228,33,132,228,29.65000000000022,11.60000000000003,55.00000000000089,248,93.78947368421052
51,0.6,350,232,3,229,33,132,229,20.666666666666924,4.799999999999974,40.00000000000085,247.33333333333334,94.88646288209607
51,0.6,375,232,2,230,33,132,230,13.600000000000385,2.1999999999999513,25.000000000000817,375,94.69130434782609
51,0.6,400,232,1,231,33,132,231,10.0000000000008,10.0000000000008,10.0000000000008,400,95.92207792207792
51,0.6,425,232,0,232,33,132,232,,,,,97.30603448275862
51,0.6,450,232,0,232,33,132,232,,,,,97.30603448275862
51,0.6,475,232,0,232,33,132,232,,,,,97.30603448275862
51,0.6,500,232,0,232,33,132,232,,,,,97.30603448275862
42,0.8,25,125,124,1,164,25,1,65.3161290322581,10.799999999999983,99.2,22.379032258064516,13
42,0.8,50,150,140,10,136,50,10,43.00857142857151,8.215650382226158e-15,97.60000000000001,41.35,35.5
42,0.8,75,175,126,49,107,75,49,33.12380952380963,4.729550084903167e-14,92.80000000000003,57.04761904761905,43.93877551020408
42,0.8,100,200,102,98,85,100,98,24.06274509803934,0.20000000000009988,79.60000000000025,67.38235294117646,54.39795918367347
42,0.8,125,204,65,139,77,104,139,14.38769230769248,2.2137847111025621e-13,75.00000000000036,98.84615384615384,57.17985611510792
42,0.8,150,204,21,183,72,104,183,22.571428571428868,2.9243274468626623e-13,55.000000000000426,143.66666666666666,66.24590163934427
42,0.8,175,204,11,193,70,104,193,21.254545454545838,3.8000000000002654,60.0000000000005,174.72727272727272,70.40932642487047
42,0.8,200,204,5,199,68,104,199,22.320000000000416,9.800000000000288,40.00000000000057,199.4,74.03015075376885
42,0.8,225,204,3,201,67,104,201,17.26666666666711,2.4000000000003636,29.400000000000375,224,75.44278606965175
42,0.8,250,204,2,202,67,104,202,4.700000000000467,5.766498389903063e-13,9.400000000000357,250,76.18811881188118
42,0.8,275,204,0,204,67,104,204,,,,,77.95588235294117
42,0.8,300,204,0,204,67,104,204,,,,,77.95588235294117
42,0.8,325,204,0,204,67,104,204,,,,,77.95588235294117
42,0.8,350,204,0,204,67,104,204,,,,,77.95588235294117
42,0.8,375,204,0,204,67,104,204,,,,,77.95588235294117
42,0.8,400,204,0,204,67,104,204,,,,,77.95588235294117
42,0.8,425,204,0,204,67,104,204,,,,,77.95588235294117
42,0.8,450,204,0,204,67,104,204,,,,,77.95588235294117
42,0.8,475,204,0,204,67,104,204,,,,,77.95588235294117
42,0.8,500,204,0,204,67,104,204,,,,,77.95588235294117
43,0.8,25,125,124,1,159,25,1,66.15806451612907,10.799999999999983,99.2,22.379032258064516,13
43,0.8,50,150,138,12,134,50,12,44.21884057971022,8.215650382226158e-15,96.00000000000001,41.17391304347826,36.333333333333336
43,0.8,75,175,125,50,106,75,50,34.24320000000011,0.3999999999999819,89.00000000000013,56.768,42.86
43,0.8,100,200,102,98,88,100,98,24.258823529411888,0.3999999999999819,85.00000000000014,67.8921568627451,52.642857142857146
43,0.8,125,212,77,135,71,112,135,13.9610389610391,2.2137847111025621e-13,90.00000000000021,87.62337662337663,56.55555555555556
43,0.8,150,214,24,190,64,114,190,19.65000000000019,2.1999999999999673,60.400000000000034,113.04166666666667,66.72105263157894
43,0.8,175,215,12,203,58,115,203,22.483333333333537,5.00000000000038,40.400000000000105,131.5,70.24630541871922
43,0.8,200,215,11,204,55,115,204,10.89090909090927,0.3999999999999819,20.400000000000123,152.54545454545453,70.79411764705883
43,0.8,225,215,1,214,55,115,214,0.4000000000001136,0.4000000000001136,0.4000000000001136,225,74.99065420560747
43,0.8,250,215,0,215,55,115,215,,,,,75.69302325581396
43,0.8,275,215,0,215,55,115,215,,,,,75.69302325581396
43,0.8,300,215,0,215,55,115,215,,,,,75.69302325581396
43,0.8,325,215,0,215,55,115,215,,,,,75.69302325581396
43,0.8,350,215,0,215,55,115,215,,,,,75.69302325581396
43,0.8,375,215,0,215,55,115,215,,,,,75.69302325581396
43,0.8,400,215,0,215,55,115,215,,,,,75.69302325581396
43,0.8,425,215,0,215,55,115,215,,,,,75.69302325581396
43,0.8,450,215,0,215,55,115,215,,,,,75.69302325581396
43,0.8,475,215,0,215,55,115,215,,,,,75.69302325581396
43,0.8,500,215,0,215,55,115,215,,,,,75.69302325581396
44,0.8,25,125,123,2,171,25,2,65.23577235772362,10.799999999999983,98.4,22.357723577235774,13
44,0.8,50,150,137,13,138,50,13,44.84379562043804,1.176836406102666e-14,94.40000000000002,41.18248175182482,34.15384615384615
44,0.8,75,175,129,46,111,75,46,32.60465116279081,0.3999999999999819,99.2,57.82945736434109,40.608695652173914
44,0.8,100,198,97,101,93,98,101,24.993814432989815,0.3999999999999819,72.0000000000001,67.55670103092784,55.386138613861384
44,0.8,125,201,62,139,80,101,139,18.338709677419534,2.2137847111025621e-13,75.00000000000036,101.30645161290323,56.83453237410072
44,0.8,150,201,32,169,73,101,169,17.531250000000227,2.9243274468626623e-13,55.000000000000426,131.34375,64.73372781065089
44,0.8,175,203,18,185,64,103,185,17.433333333333564,5.000000000000274,41.20000000000039,145.5,70.94594594594595
44,0.8,200,203,10,193,56,103,193,24.000000000000227,1.199999999999982,46.200000000000436,156.6,75.26424870466322
44,0.8,225,203,6,197,51,103,197,32.60000000000026,6.60000000000022,76.20000000000051,205.66666666666666,76.50253807106598
44,0.8,250,203,4,199,50,103,199,29.05000000000036,4.200000000000196,56.200000000000585,250,77.57286432160804
44,0.8,275,203,3,200,49,103,200,25.666666666667112,3.4217073618947325e-13,40.80000000000034,275,78.465
44,0.8,300,203,2,201,49,103,201,18.500000000000508,16.200000000000657,20.80000000000036,300,79.44776119402985
44,0.8,325,203,2,201,48,103,201,11.000000000000497,0.8000000000003493,21.200000000000646,325,79.44776119402985
44,0.8,350,203,1,202,48,103,202,1.200000000000636,1.200000000000636,1.200000000000636,350,80.67326732673267
44,0.8,375,203,0,203,48,103,203,,,,,82.00985221674877
44,0.8,400,203,0,203,48,103,203,,,,,82.00985221674877
44,0.8,425,203,0,203,48,103,203,,,,,82.00985221674877
44,0.8,450,203,0,203,48,103,203,,,,,82.00985221674877
44,0.8,475,203,0,203,48,103,203,,,,,82.00985221674877
44,0.8,500,203,0,203,48,103,203,,,,,82.00985221674877
45,0.8,25,125,123,2,161,25,2,66.10569105691062,11.599999999999984,99.2,22.357723577235774,13
45,0.8,50,150,138,12,132,50,12,44.217391304347906,8.215650382226158e-15,99.2,41.28260869565217,33.833333333333336
45,0.8,75,175,128,47,107,75,47,32.214062500000104,0.3999999999999819,96.80000000000001,56.8671875,43.276595744680854
45,0.8,100,200,105,95,89,100,95,21.403809523809638,0.3999999999999819,70.00000000000028,68.28571428571429,53.421052631578945
45,0.8,125,208,69,139,75,108,139,12.22318840579724,2.2137847111025621e-13,58.80000000000011,89.95652173913044,59.36690647482014
45,0.8,150,209,22,187,69,109,187,16.83636363636382,2.9243274468626623e-13,55.00000000000042,115.31818181818181,68.11229946524064
45,0.8,175,210,11,199,64,110,199,19.90909090909109,3.799999999999974,35.00000000000049,131.8181818181818,71.2462311557789
45,0.8,200,210,8,202,58,110,202,22.200000000000244,6.000000000000354,33.79999999999998,166.625,71.95544554455445
45,0.8,225,210,5,205,55,110,205,23.320000000000164,3.8000000000001695,49.79999999999997,171.6,74.05365853658536
45,0.8,250,212,5,207,52,112,207,19.68000000000006,13.199999999999985,29.2,101,75.6086956521739
45,0.8,275,212,2,210,52,112,210,7.000000000000002,4.800000000000022,9.199999999999982,72.5,76.75238095238095
45,0.8,300,213,2,211,50,113,211,13.59999999999998,9.19999999999997,17.99999999999999,33,76.98578199052133
45,0.8,325,213,1,212,49,113,212,22.99999999999998,22.99999999999998,22.99999999999998,40,76.91981132075472
45,0.8,350,213,1,212,49,113,212,2.999999999999967,2.999999999999967,2.999999999999967,65,76.91981132075472
45,0.8,375,213,0,213,49,113,213,,,,,76.88262910798122
45,0.8,400,213,0,213,49,113,213,,,,,76.88262910798122
45,0.8,425,213,0,213,49,113,213,,,,,76.88262910798122
45,0.8,450,213,0,213,49,113,213,,,,,76.88262910798122
45,0.8,475,213,0,213,49,113,213,,,,,76.88262910798122
45,0.8,500,213,0,213,49,113,213,,,,,76.88262910798122
46,0.8,25,125,123,2,159,25,2,66.80975609756102,8.200000000000049,99.2,22.357723577235774,13
46,0.8,50,150,139,11,133,50,11,44.28489208633101,8.215650382226158e-15,95.4000000000001,41.10071942446043,32.45454545454545
46,0.8,75,175,131,44,111,75,44,31.13587786259553,1.199999999999982,95.4000000000001,57.76335877862596,40.47727272727273
46,0.8,100,196,100,96,95,96,96,21.472000000000122,0.3999999999999819,77.80000000000017,71.66,53.385416666666664
46,0.8,125,199,61,138,84,99,138,12.85901639344279,2.2137847111025621e-13,69.20000000000029,104.81967213114754,57.70289855072464
46,0.8,150,200,20,180,75,100,180,24.72000000000024,4.1999999999999895,54.00000000000031,132.3,68.82222222222222
46,0.8,175,200,12,188,71,100,188,22.466666666667,1.6000000000002002,54.20000000000043,175,70.98404255319149
46,0.8,200,200,7,193,69,100,193,19.97142857142894,1.8000000000003238,39.00000000000039,200,73.95336787564767
46,0.8,225,200,5,195,66,100,195,21.280000000000417,2.8000000000003835,44.00000000000046,225,75.3076923076923
46,0.8,250,201,5,196,62,101,196,24.24000000000036,3.4927616354707425e-13,44.00000000000054,200.6,76.09183673469387
46,0.8,275,201,3,198,61,101,198,22.33333333333368,7.599999999999981,35.40000000000048,192.66666666666666,77.97979797979798
46,0.8,300,201,2,199,61,101,199,9.70000000000052,4.000000000000562,15.400000000000478,300,77.77889447236181
46,0.8,325,201,1,200,60,101,200,20.400000000000468,20.400000000000468,20.400000000000468,325,78.92
46,0.8,350,201,1,200,60,101,200,0.4000000000004582,0.4000000000004582,0.4000000000004582,350,78.92
46,0.8,375,201,0,201,60,101,201,,,,,80.27363184079601
46,0.8,400,201,0,201,60,101,201,,,,,80.27363184079601
46,0.8,425,201,0,201,60,101,201,,,,,80.27363184079601
46,0.8,450,201,0,201,60,101,201,,,,,80.27363184079601
46,0.8,475,201,0,201,60,101,201,,,,,80.27363184079601
46,0.8,500,201,0,201,60,101,201,,,,,80.27363184079601
47,0.8,25,125,123,2,172,25,2,65.04065040650411,10.799999999999983,99.2,22.357723577235774,13
47,0.8,50,150,136,14,134,50,14,45.80588235294126,2.2426505097428162e-14,98.6000000000001,41.11764705882353,34.857142857142854
47,0.8,75,175,128,47,113,75,47,32.654687500000115,0.3999999999999819,90.80000000000021,57.6953125,41.170212765957444
47,0.8,100,198,99,99,92,98,99,24.909090909091045,3.397282455352979e-14,83.60000000000024,69.06060606060606,53.63636363636363
47,0.8,125,201,69,132,77,101,132,16.431884057971196,2.2137847111025621e-13,63.60000000000031,102.17391304347827,54.90909090909091
47,0.8,150,201,28,173,68,101,173,21.678571428571676,5.000000000000206,68.60000000000038,131.53571428571428,66.96531791907515
47,0.8,175,202,18,184,61,102,184,19.177777777778058,1.751931932858497e-13,73.60000000000045,154.16666666666666,70.90217391304348
47,0.8,200,202,7,195,55,102,195,37.342857142857476,15.00000000000049,78.60000000000052,165,76.74358974358974
47,0.8,225,202,7,195,50,102,195,35.20000000000035,7.000000000000485,75.60000000000046,190,76.74358974358974
47,0.8,250,203,7,196,45,103,196,32.0857142857145,1.2000000000000746,79.00000000000006,182,77.54591836734694
47,0.8,275,204,5,199,43,104,199,28.52000000000024,9.799999999999944,53.20000000000006,192.8,78.76884422110552
47,0.8,300,204,3,201,42,104,201,27.9333333333338,15.600000000000602,35.00000000000067,300,78.83084577114428
47,0.8,325,204,2,202,40,104,202,39.100000000000406,38.20000000000013,40.00000000000068,325,80.02475247524752
47,0.8,350,204,2,202,39,104,202,31.60000000000042,20.0000000000007,43.200000000000145,350,80.02475247524752
47,0.8,375,204,2,202,38,104,202,24.100000000000453,6.903366767119223e-13,48.200000000000216,375,80.02475247524752
47,0.8,400,204,1,203,38,104,203,28.20000000000027,28.20000000000027,28.20000000000027,400,81.48275862068965
47,0.8,425,204,1,203,38,104,203,8.200000000000252,8.200000000000252,8.200000000000252,425,81.48275862068965
47,0.8,450,204,0,204,38,104,204,,,,,83.22058823529412
47,0.8,475,204,0,204,38,104,204,,,,,83.22058823529412
47,0.8,500,204,0,204,38,104,204,,,,,83.22058823529412
48,0.8,25,125,123,2,174,25,2,65.75934959349598,10.799999999999983,99.2,22.357723577235774,16
48,0.8,50,150,136,14,146,50,14,44.3176470588236,8.215650382226158e-15,96.80000000000001,41.220588235294116,34.42857142857143
48,0.8,75,175,123,52,119,75,52,33.904065040650515,0.3999999999999819,96.80000000000001,57.1869918699187,42.23076923076923
48,0.8,100,200,101,99,100,100,99,23.83762376237636,0.3999999999999819,74.60000000000018,68.45544554455445,51.535353535353536
48,0.8,125,211,68,143,84,111,143,15.558823529411928,2.2137847111025621e-13,75.80000000000035,93.05882352941177,55.23776223776224
48,0.8,150,214,31,183,64,114,183,24.651612903226006,1.199999999999982,60.40000000000032,115.35483870967742,63.797814207650276
48,0.8,175,218,26,192,49,118,192,22.223076923077137,2.400000000000193,60.800000000000495,131.1153846153846,65.359375
48,0.8,200,219,15,204,45,119,204,16.760000000000275,4.399999999999982,40.800000000000566,157.46666666666667,69.29411764705883
48,0.8,225,219,5,214,43,119,214,18.920000000000332,0.4000000000003978,45.80000000000064,200.4,73.64018691588785
48,0.8,250,219,2,217,42,119,217,32.90000000000056,25.80000000000068,40.00000000000044,250,75.25345622119816
48,0.8,275,219,2,217,42,119,217,12.900000000000562,5.800000000000664,20.00000000000046,275,75.25345622119816
48,0.8,300,219,2,217,39,119,217,30.400000000000574,10.80000000000065,50.0000000000005,300,75.25345622119816
48,0.8,325,219,1,218,39,119,218,30.000000000000558,30.000000000000558,30.000000000000558,325,76.34862385321101
48,0.8,350,219,1,218,39,119,218,10.00000000000054,10.00000000000054,10.00000000000054,350,76.34862385321101
48,0.8,375,219,0,219,39,119,219,,,,,77.65753424657534
48,0.8,400,219,0,219,39,119,219,,,,,77.65753424657534
48,0.8,425,219,0,219,39,119,219,,,,,77.65753424657534
48,0.8,450,219,0,219,39,119,219,,,,,77.65753424657534
48,0.8,475,219,0,219,39,119,219,,,,,77.65753424657534
48,0.8,500,219,0,219,39,119,219,,,,,77.65753424657534
49,0.8,25,125,124,1,159,25,1,65.27580645161295,10.799999999999983,99.2,22.379032258064516,13
49,0.8,50,150,137,13,122,50,13,46.105109489051166,8.215650382226158e-15,99.2,41.07299270072993,37.23076923076923
49,0.8,75,175,129,46,100,75,46,33.020155038759796,2.0250467969162855e-13,89.80000000000013,57.06201550387597,42.80434782608695
49,0.8,100,200,110,90,77,100,90,22.77272727272739,0.3999999999999819,84.20000000000014,69.28181818181818,51.58888888888889
49,0.8,125,210,74,136,62,110,136,12.481081081081223,2.2137847111025621e-13,70.6000000000002,92.4054054054054,57.970588235294116
49,0.8,150,211,20,191,57,111,191,17.380000000000187,2.2137847111025621e-13,57.400000000000134,115.9,69.7434554973822
49,0.8,175,212,6,206,56,112,206,21.63333333333356,10.000000000000398,37.400000000000205,131.5,73.6116504854369
49,0.8,200,212,3,209,56,112,209,11.3333333333335,5.999999999999981,17.400000000000208,143.33333333333334,74.85645933014354
49,0.8,225,212,1,211,55,112,211,22.400000000000194,22.400000000000194,22.400000000000194,225,75.34123222748815
49,0.8,250,212,1,211,55,112,211,2.4000000000001824,2.4000000000001824,2.4000000000001824,250,75.34123222748815
49,0.8,275,212,0,212,55,112,212,,,,,76.18396226415095
49,0.8,300,212,0,212,55,112,212,,,,,76.18396226415095
49,0.8,325,212,0,212,55,112,212,,,,,76.18396226415095
49,0.8,350,212,0,212,55,112,212,,,,,76.18396226415095
49,0.8,375,212,0,212,55,112,212,,,,,76.18396226415095
49,0.8,400,212,0,212,55,112,212,,,,,76.18396226415095
49,0.8,425,212,0,212,55,112,212,,,,,76.18396226415095
49,0.8,450,212,0,212,55,112,212,,,,,76.18396226415095
49,0.8,475,212,0,212,55,112,212,,,,,76.18396226415095
49,0.8,500,212,0,212,55,112,212,,,,,76.18396226415095
50,0.8,25,125,122,3,177,25,3,65.76393442622955,10.799999999999983,99.2,22.33606557377049,13
50,0.8,50,150,135,15,141,50,15,45.74962962962971,2.5979218776228663e-14,97.60000000000001,41.17037037037037,32.6
50,0.8,75,175,129,46,114,75,46,33.39224806201562,1.199999999999982,97.0000000000001,57.46511627906977,39.54347826086956
50,0.8,100,200,97,103,98,100,103,25.25567010309291,1.199999999999982,74.40000000000009,67.48453608247422,53.737864077669904
50,0.8,125,211,70,141,82,111,141,15.897142857143006,2.2137847111025621e-13,54.80000000000034,88.68571428571428,57.177304964539005
50,0.8,150,215,33,182,67,115,182,20.57575757575776,3.2440716779547074e-13,55.000000000000426,104.63636363636364,65.14835164835165
50,0.8,175,217,18,199,58,117,199,22.544444444444697,0.8000000000001859,64.4000000000003,146.38888888888889,66.87437185929649
50,0.8,200,218,10,208,53,118,208,26.300000000000313,6.0000000000002265,64.40000000000038,171.2,70.0576923076923
50,0.8,225,218,6,212,50,118,212,28.66666666666697,4.8000000000002565,47.400000000000425,177,72.7877358490566
50,0.8,250,218,5,213,47,118,213,28.440000000000328,24.40000000000048,39.20000000000005,192.4,73.53521126760563
50,0.8,275,218,5,213,46,118,213,13.440000000000321,4.400000000000468,44.200000000000074,217.4,73.53521126760563
50,0.8,300,218,2,216,44,118,216,30.800000000000285,12.40000000000044,49.20000000000013,200.5,76.01851851851852
50,0.8,325,219,2,217,42,119,217,34.8000000000001,20.39999999999999,49.2000000000002,69,77.12442396313364
50,0.8,350,219,2,217,41,119,217,27.30000000000013,0.3999999999999819,54.20000000000027,94,77.12442396313364
50,0.8,375,219,1,218,40,119,218,59.200000000000344,59.200000000000344,59.200000000000344,176,76.94495412844037
50,0.8,400,219,1,218,39,119,218,64.20000000000041,64.20000000000041,64.20000000000041,201,76.94495412844037
50,0.8,425,219,1,218,39,119,218,44.200000000000486,44.200000000000486,44.200000000000486,226,76.94495412844037
50,0.8,450,219,1,218,39,119,218,24.20000000000052,24.20000000000052,24.20000000000052,251,76.94495412844037
50,0.8,475,219,1,218,39,119,218,4.200000000000508,4.200000000000508,4.200000000000508,276,76.94495412844037
50,0.8,500,219,0,219,39,119,219,,,,,77.88127853881278
51,0.8,25,125,123,2,170,25,2,65.72195121951225,0.400000000000015,99.2,22.357723577235774,13
51,0.8,50,150,138,12,152,50,12,42.26231884057979,8.215650382226158e-15,94.40000000000002,41.166666666666664,33.333333333333336
51,0.8,75,175,128,47,125,75,47,31.060937500000115,1.199999999999982,97.60000000000001,57.046875,41.340425531914896
51,0.8,100,193,97,96,108,93,96,21.703092783505287,0.3999999999999819,74.00000000000027,72.5360824742268,53.177083333333336
51,0.8,125,195,59,136,97,95,136,13.820338983051046,2.2137847111025621e-13,70.00000000000036,109.33898305084746,56.375
51,0.8,150,197,25,172,90,97,172,15.848000000000239,2.355893258254582e-13,55.000000000000426,129.8,67.70930232558139
51,0.8,175,197,7,190,87,97,190,31.228571428571776,10.000000000000362,60.0000000000005,154.71428571428572,74.40526315789474
51,0.8,200,197,5,192,83,97,192,37.840000000000394,8.599999999999973,85.00000000000054,171.6,75.65104166666667
51,0.8,225,197,3,194,80,97,194,58.86666666666724,16.60000000000049,90.00000000000061,225,76.38144329896907
51,0.8,250,197,2,195,80,97,195,60.00000000000069,50.000000000000696,70.00000000000068,250,77.25128205128205
51,0.8,275,197,2,195,79,97,195,52.50000000000075,30.000000000000757,75.00000000000075,275,77.25128205128205
51,0.8,300,197,2,195,78,97,195,45.00000000000078,10.000000000000739,80.00000000000082,300,77.25128205128205
51,0.8,325,197,1,196,78,97,196,60.000000000000895,60.000000000000895,60.000000000000895,325,78.45408163265306
51,0.8,350,197,1,196,78,97,196,40.000000000000966,40.000000000000966,40.000000000000966,350,78.45408163265306
51,0.8,375,197,1,196,77,97,196,45.00000000000104,45.00000000000104,45.00000000000104,375,78.45408163265306
51,0.8,400,197,1,196,76,97,196,50.00000000000111,50.00000000000111,50.00000000000111,400,78.45408163265306
51,0.8,425,197,1,196,74,97,196,80.00000000000118,80.00000000000118,80.00000000000118,425,78.45408163265306
51,0.8,450,197,1,196,74,97,196,60.00000000000125,60.00000000000125,60.00000000000125,450,78.45408163265306
51,0.8,475,197,1,196,74,97,196,40.00000000000132,40.00000000000132,40.00000000000132,475,78.45408163265306
51,0.8,500,197,1,196,74,97,196,20.00000000000134,20.00000000000134,20.00000000000134,500,78.45408163265306
